[048月2025 21:21:37.067] [main/INFO] [cpw.mods.modlauncher.Launcher/MODLAUNCHER]: ModLauncher running: args [--launchTarget, forgeclientuserdev, --version, MOD_DEV, --assetIndex, 5, --assetsDir, C:\Users\Meowmel\.gradle\caches\forge_gradle\assets, --gameDir, ., --fml.forgeVersion, 47.4.6, --fml.mcVersion, 1.20.1, --fml.forgeGroup, net.minecraftforge, --fml.mcpVersion, 20230612.114412, --mixin.config, gregmek.mixins.json]
[048月2025 21:21:37.074] [main/INFO] [cpw.mods.modlauncher.Launcher/MODLAUNCHER]: ModLauncher 10.0.9+10.0.9+main.dcd20f30 starting: java version 17.0.14 by Azul Systems, Inc.; OS Windows 11 arch amd64 version 10.0
[048月2025 21:21:37.192] [main/INFO] [net.minecraftforge.fml.loading.ImmediateWindowHandler/]: Loading ImmediateWindowProvider fmlearlywindow
[048月2025 21:21:37.274] [main/INFO] [EARLYDISPLAY/]: Trying GL version 4.6
[048月2025 21:21:37.488] [main/INFO] [EARLYDISPLAY/]: Requested GL version 4.6 got version 4.6
[048月2025 21:21:37.568] [main/INFO] [mixin/]: SpongePowered MIXIN Subsystem Version=0.8.5 Source=union:/C:/Users/Meowmel/.gradle/caches/modules-2/files-2.1/org.spongepowered/mixin/0.8.5/9d1c0c3a304ae6697ecd477218fa61b850bf57fc/mixin-0.8.5.jar%23128!/ Service=ModLauncher Env=CLIENT
[048月2025 21:21:37.618] [pool-2-thread-1/INFO] [EARLYDISPLAY/]: GL info: NVIDIA GeForce RTX 3060 Laptop GPU/PCIe/SSE2 GL version 4.6.0 NVIDIA 551.61, NVIDIA Corporation
[048月2025 21:21:37.858] [main/WARN] [net.minecraftforge.fml.loading.moddiscovery.ModFileParser/LOADING]: Mod file C:\Users\Meowmel\.gradle\caches\modules-2\files-2.1\net.minecraftforge\javafmllanguage\1.20.1-47.4.6\9e86bf67e222253576e982856d9958695725adb5\javafmllanguage-1.20.1-47.4.6.jar is missing mods.toml file
[048月2025 21:21:37.865] [main/WARN] [net.minecraftforge.fml.loading.moddiscovery.ModFileParser/LOADING]: Mod file C:\Users\Meowmel\.gradle\caches\modules-2\files-2.1\net.minecraftforge\lowcodelanguage\1.20.1-47.4.6\56100545804adc991cc48ab68b86ba46c5873246\lowcodelanguage-1.20.1-47.4.6.jar is missing mods.toml file
[048月2025 21:21:37.872] [main/WARN] [net.minecraftforge.fml.loading.moddiscovery.ModFileParser/LOADING]: Mod file C:\Users\Meowmel\.gradle\caches\modules-2\files-2.1\net.minecraftforge\mclanguage\1.20.1-47.4.6\fd228d7d879a9da774eda022ea3092cedb5178f1\mclanguage-1.20.1-47.4.6.jar is missing mods.toml file
[048月2025 21:21:37.878] [main/WARN] [net.minecraftforge.fml.loading.moddiscovery.ModFileParser/LOADING]: Mod file C:\Users\Meowmel\.gradle\caches\modules-2\files-2.1\net.minecraftforge\fmlcore\1.20.1-47.4.6\cefc55ada370ce2f23f92834530eb967c0de1fdd\fmlcore-1.20.1-47.4.6.jar is missing mods.toml file
[048月2025 21:21:38.193] [main/WARN] [net.minecraftforge.jarjar.selection.JarSelector/]: Attempted to select a dependency jar for JarJar which was passed in as source: ldlib. Using Mod File: C:\Users\Meowmel\.gradle\caches\forge_gradle\deobf_dependencies\com\lowdragmc\ldlib\ldlib-forge-1.20.1\1.0.40.b_mapped_official_1.20.1\ldlib-forge-1.20.1-1.0.40.b_mapped_official_1.20.1.jar
[048月2025 21:21:38.193] [main/INFO] [net.minecraftforge.fml.loading.moddiscovery.JarInJarDependencyLocator/]: Found 4 dependencies adding them to mods collection
[048月2025 21:21:40.723] [main/INFO] [mixin/]: Compatibility level set to JAVA_17
[048月2025 21:21:40.735] [main/INFO] [cpw.mods.modlauncher.LaunchServiceHandler/MODLAUNCHER]: Launching target 'forgeclientuserdev' with arguments [--version, MOD_DEV, --gameDir, ., --assetsDir, C:\Users\Meowmel\.gradle\caches\forge_gradle\assets, --assetIndex, 5]
[048月2025 21:21:40.867] [main/WARN] [mixin/]: Reference map 'gregmek.refmap.json' for gregmek.mixins.json could not be read. If this is a development environment you can ignore this message
[048月2025 21:21:41.021] [main/INFO] [mixin/]: Remapping refMap configuration.refmap.json using E:\模组开发\gregmek\build\createSrgToMcp\output.srg
[048月2025 21:21:41.031] [main/INFO] [mixin/]: Remapping refMap ldlib-common-1.20.1-ldlib-common-refmap.json using E:\模组开发\gregmek\build\createSrgToMcp\output.srg
[048月2025 21:21:41.033] [main/INFO] [mixin/]: Remapping refMap ldlib-forge-1.20.1-ldlib-forge-refmap.json using E:\模组开发\gregmek\build\createSrgToMcp\output.srg
[048月2025 21:21:41.036] [main/INFO] [mixin/]: Remapping refMap gtceu.refmap.json using E:\模组开发\gregmek\build\createSrgToMcp\output.srg
[048月2025 21:21:41.510] [main/INFO] [MixinExtras|Service/]: Initializing MixinExtras via com.llamalad7.mixinextras.service.MixinExtrasServiceImpl(version=0.5.0-rc.3).
[048月2025 21:21:45.639] [Datafixer Bootstrap/INFO] [com.mojang.datafixers.DataFixerBuilder/]: 188 Datafixer optimizations took 119 milliseconds
[048月2025 21:21:47.342] [Render thread/WARN] [net.minecraft.server.packs.VanillaPackResourcesBuilder/]: Assets URL 'union:/C:/Users/Meowmel/.gradle/caches/forge_gradle/minecraft_user_repo/net/minecraftforge/forge/1.20.1-47.4.6_mapped_official_1.20.1/forge-1.20.1-47.4.6_mapped_official_1.20.1.jar%23191!/assets/.mcassetsroot' uses unexpected schema
[048月2025 21:21:47.343] [Render thread/WARN] [net.minecraft.server.packs.VanillaPackResourcesBuilder/]: Assets URL 'union:/C:/Users/Meowmel/.gradle/caches/forge_gradle/minecraft_user_repo/net/minecraftforge/forge/1.20.1-47.4.6_mapped_official_1.20.1/forge-1.20.1-47.4.6_mapped_official_1.20.1.jar%23191!/data/.mcassetsroot' uses unexpected schema
[048月2025 21:21:47.359] [Render thread/INFO] [com.mojang.authlib.yggdrasil.YggdrasilAuthenticationService/]: Environment: authHost='https://authserver.mojang.com', accountsHost='https://api.mojang.com', sessionHost='https://sessionserver.mojang.com', servicesHost='https://api.minecraftservices.com', name='PROD'
[048月2025 21:21:47.364] [Render thread/INFO] [net.minecraft.client.Minecraft/]: Setting user: Dev
[048月2025 21:21:47.458] [Render thread/INFO] [net.minecraft.client.Minecraft/]: Backend library: LWJGL version 3.3.1 build 7
[048月2025 21:21:47.772] [modloading-worker-0/INFO] [meowmel.gregmek.Gregmek/]: gregmek is initializing...
[048月2025 21:21:47.772] [modloading-worker-0/INFO] [GregTechCEu/]: GregTechCEu is initializing...
[048月2025 21:21:47.783] [modloading-worker-0/INFO] [LowDragLib/]: LowDragLib is initializing on platform: Forge
[048月2025 21:21:47.796] [modloading-worker-0/INFO] [net.minecraftforge.common.ForgeMod/FORGEMOD]: Forge mod loading, version 47.4.6, for MC 1.20.1 with MCP 20230612.114412
[048月2025 21:21:47.796] [modloading-worker-0/INFO] [net.minecraftforge.common.MinecraftForge/FORGE]: MinecraftForge v47.4.6 Initialized
[048月2025 21:21:47.907] [modloading-worker-0/INFO] [Configuration/FileWatching]: Registered configuration config for auto-sync function
[048月2025 21:21:48.013] [modloading-worker-0/INFO] [Configuration/FileWatching]: Registered gtceu config for auto-sync function
[048月2025 21:21:48.022] [modloading-worker-0/INFO] [GregTechCEu/]: High-Tier is Enabled.
[048月2025 21:21:48.078] [modloading-worker-0/INFO] [mezz.jei.library.load.PluginCaller/]: Sending ConfigManager...
[048月2025 21:21:48.082] [modloading-worker-0/INFO] [mezz.jei.library.load.PluginCaller/]: Sending ConfigManager took 2.856 ms
[048月2025 21:21:49.277] [modloading-worker-0/WARN] [mixin/]: Error loading class: dev/latvian/mods/kubejs/KubeJSPlugin (java.lang.ClassNotFoundException: dev.latvian.mods.kubejs.KubeJSPlugin)
[048月2025 21:21:49.279] [modloading-worker-0/WARN] [mixin/]: Error loading class: org/embeddedt/modernfix/api/entrypoint/ModernFixClientIntegration (java.lang.ClassNotFoundException: org.embeddedt.modernfix.api.entrypoint.ModernFixClientIntegration)
[048月2025 21:21:49.296] [Render thread/INFO] [GregTechCEu/]: GTCEu common proxy init!
[048月2025 21:21:49.378] [Render thread/INFO] [GregTechCEu/]: Registering material registries
[048月2025 21:21:49.379] [Render thread/INFO] [GregTechCEu/]: Registering GTCEu Materials
[048月2025 21:21:49.545] [Render thread/INFO] [GregTechCEu/]: Registering addon Materials
[048月2025 21:21:49.691] [Render thread/WARN] [GregTechCEu/]: FluidStorageKey{gtceu:liquid} already has an associated fluid for material gtceu:water
[048月2025 21:21:49.818] [Render thread/WARN] [GregTechCEu/]: FluidStorageKey{gtceu:liquid} already has an associated fluid for material gtceu:lava
[048月2025 21:21:49.818] [Render thread/WARN] [GregTechCEu/]: FluidStorageKey{gtceu:liquid} already has an associated fluid for material gtceu:milk
[048月2025 21:21:51.433] [Render thread/INFO] [GregTechCEu/]: Registering KeyBinds
[048月2025 21:21:51.436] [Render thread/WARN] [net.minecraftforge.fml.DeferredWorkQueue/LOADING]: Mod 'gtceu' took 2.139 s to run a deferred task.
[048月2025 21:21:53.678] [Render thread/INFO] [net.minecraftforge.gametest.ForgeGameTestHooks/]: Enabled Gametest Namespaces: [gregmek]
[048月2025 21:21:53.953] [Render thread/INFO] [net.minecraft.server.packs.resources.ReloadableResourceManager/]: Reloading ResourceManager: gtceu:dynamic_assets, vanilla, mod_resources, ldlib
[048月2025 21:21:53.984] [Worker-Main-11/INFO] [mekanism.common.Mekanism/]: Version 10.4.9 initializing...
[048月2025 21:21:54.083] [Forge Version Check/INFO] [net.minecraftforge.fml.VersionChecker/]: [configuration] Starting version check at https://raw.githubusercontent.com/Toma1O6/UpdateSchemas/master/configuration-forge.json
[048月2025 21:21:54.085] [Worker-Main-2/INFO] [net.minecraft.client.gui.font.providers.UnihexProvider/]: Found unifont_all_no_pua-15.0.06.hex, loading
[048月2025 21:21:54.147] [Worker-Main-11/INFO] [mekanism.common.Mekanism/]: Fake player readout: UUID = 46e82cd0-d480-3d48-800a-77431ede078e, name = [Mekanism]
[048月2025 21:21:54.147] [Worker-Main-11/INFO] [mekanism.common.Mekanism/]: Mod loaded.
[048月2025 21:21:54.996] [Render thread/INFO] [GregTechCEu/]: GregTech Model loading took 994ms
[048月2025 21:21:55.361] [Worker-Main-12/INFO] [meowmel.gregmek.Gregmek/]: HELLO FROM CLIENT SETUP
[048月2025 21:21:55.361] [Worker-Main-12/INFO] [meowmel.gregmek.Gregmek/]: MINECRAFT NAME >> Dev
[048月2025 21:21:55.394] [Worker-Main-2/INFO] [mekanism.common.Mekanism/]: Initialized HolidayManager.
[048月2025 21:21:57.754] [Forge Version Check/INFO] [net.minecraftforge.fml.VersionChecker/]: [configuration] Found status: OUTDATED Current: 2.2.0 Target: 2.2.1
[048月2025 21:21:57.755] [Forge Version Check/INFO] [net.minecraftforge.fml.VersionChecker/]: [forge] Starting version check at https://files.minecraftforge.net/net/minecraftforge/forge/promotions_slim.json
[048月2025 21:21:58.626] [Forge Version Check/INFO] [net.minecraftforge.fml.VersionChecker/]: [forge] Found status: AHEAD Current: 47.4.6 Target: null
[048月2025 21:22:01.523] [Render thread/WARN] [net.minecraft.client.sounds.SoundEngine/]: Missing sound for event: minecraft:item.goat_horn.play
[048月2025 21:22:01.523] [Render thread/WARN] [net.minecraft.client.sounds.SoundEngine/]: Missing sound for event: minecraft:entity.goat.screaming.horn_break
[048月2025 21:22:01.554] [Render thread/INFO] [com.mojang.blaze3d.audio.Library/]: OpenAL initialized on device OpenAL Soft on 扬声器 (Realtek(R) Audio)
[048月2025 21:22:01.555] [Render thread/INFO] [net.minecraft.client.sounds.SoundEngine/SOUNDS]: Sound engine started
[048月2025 21:22:01.663] [Render thread/INFO] [net.minecraft.client.renderer.texture.TextureAtlas/]: Created: 2048x1024x4 minecraft:textures/atlas/blocks.png-atlas
[048月2025 21:22:01.692] [Render thread/INFO] [net.minecraft.client.renderer.texture.TextureAtlas/]: Created: 256x256x4 minecraft:textures/atlas/signs.png-atlas
[048月2025 21:22:01.692] [Render thread/INFO] [net.minecraft.client.renderer.texture.TextureAtlas/]: Created: 512x512x4 minecraft:textures/atlas/shield_patterns.png-atlas
[048月2025 21:22:01.693] [Render thread/INFO] [net.minecraft.client.renderer.texture.TextureAtlas/]: Created: 512x512x4 minecraft:textures/atlas/banner_patterns.png-atlas
[048月2025 21:22:01.694] [Render thread/INFO] [net.minecraft.client.renderer.texture.TextureAtlas/]: Created: 1024x1024x4 minecraft:textures/atlas/armor_trims.png-atlas
[048月2025 21:22:01.695] [Render thread/INFO] [net.minecraft.client.renderer.texture.TextureAtlas/]: Created: 128x64x4 minecraft:textures/atlas/decorated_pot.png-atlas
[048月2025 21:22:01.698] [Render thread/INFO] [net.minecraft.client.renderer.texture.TextureAtlas/]: Created: 256x256x4 minecraft:textures/atlas/chest.png-atlas
[048月2025 21:22:01.698] [Render thread/INFO] [net.minecraft.client.renderer.texture.TextureAtlas/]: Created: 512x256x4 minecraft:textures/atlas/beds.png-atlas
[048月2025 21:22:01.698] [Render thread/INFO] [net.minecraft.client.renderer.texture.TextureAtlas/]: Created: 512x256x4 minecraft:textures/atlas/shulker_boxes.png-atlas
[048月2025 21:22:01.860] [Render thread/WARN] [net.minecraft.client.renderer.ShaderInstance/]: Shader rendertype_entity_translucent_emissive could not find sampler named Sampler2 in the specified shader program.
[048月2025 21:22:01.904] [Render thread/INFO] [net.minecraft.client.renderer.texture.TextureAtlas/]: Created: 256x256x0 minecraft:textures/atlas/particles.png-atlas
[048月2025 21:22:01.905] [Render thread/INFO] [net.minecraft.client.renderer.texture.TextureAtlas/]: Created: 256x256x0 minecraft:textures/atlas/paintings.png-atlas
[048月2025 21:22:01.906] [Render thread/INFO] [net.minecraft.client.renderer.texture.TextureAtlas/]: Created: 128x128x0 minecraft:textures/atlas/mob_effects.png-atlas
[048月2025 21:22:01.908] [Render thread/INFO] [net.minecraft.client.renderer.texture.TextureAtlas/]: Created: 256x256x0 jei:textures/atlas/gui.png-atlas
[048月2025 21:22:01.909] [Render thread/INFO] [net.minecraft.client.renderer.texture.TextureAtlas/]: Created: 512x256x0 mekanism:textures/atlas/robit.png-atlas
[048月2025 21:22:02.482] [Realms Notification Availability checker #1/INFO] [com.mojang.realmsclient.client.RealmsClient/]: Could not authorize you against Realms server: java.lang.RuntimeException: Failed to parse into SignedJWT: 0
[048月2025 21:22:12.205] [Render thread/INFO] [GregTechCEu/]: Registering dungeon loot...
[048月2025 21:22:12.211] [Render thread/INFO] [GregTechCEu/]: GregTech Data loading took 5021ms
[048月2025 21:22:12.256] [Render thread/INFO] [net.minecraftforge.registries.GameData/REGISTRIES]: Injecting existing registry data into this CLIENT instance
[048月2025 21:22:17.012] [Render thread/INFO] [net.minecraft.world.item.crafting.RecipeManager/]: Loaded 89 recipes
[048月2025 21:22:17.038] [Render thread/WARN] [GregTechCEu/]: Recipe duplicate or conflict found in GTRecipeType gtceu:electric_furnace and was not added. See next lines for details
[048月2025 21:22:17.038] [Render thread/WARN] [GregTechCEu/]: Attempted to add GTRecipe: mekanism:processing/bronze/ingot/from_dust_smelting
[048月2025 21:22:17.038] [Render thread/WARN] [GregTechCEu/]: Which conflicts with: gtceu:smelting/smelt_dust_bronze_to_ingot
[048月2025 21:22:17.042] [Render thread/WARN] [GregTechCEu/]: Recipe duplicate or conflict found in GTRecipeType gtceu:electric_furnace and was not added. See next lines for details
[048月2025 21:22:17.042] [Render thread/WARN] [GregTechCEu/]: Attempted to add GTRecipe: mekanism:processing/iron/ingot/from_dust_smelting
[048月2025 21:22:17.042] [Render thread/WARN] [GregTechCEu/]: Which conflicts with: gtceu:smelting/smelt_dust_iron_to_ingot
[048月2025 21:22:17.043] [Render thread/WARN] [GregTechCEu/]: Recipe duplicate or conflict found in GTRecipeType gtceu:electric_furnace and was not added. See next lines for details
[048月2025 21:22:17.043] [Render thread/WARN] [GregTechCEu/]: Attempted to add GTRecipe: gtceu:smelting/smelt_dust_copper_to_ingot
[048月2025 21:22:17.043] [Render thread/WARN] [GregTechCEu/]: Which conflicts with: mekanism:processing/copper/ingot/from_dust_smelting
[048月2025 21:22:17.043] [Render thread/WARN] [GregTechCEu/]: Recipe duplicate or conflict found in GTRecipeType gtceu:electric_furnace and was not added. See next lines for details
[048月2025 21:22:17.043] [Render thread/WARN] [GregTechCEu/]: Attempted to add GTRecipe: mekanism:processing/tin/ingot/from_raw_smelting
[048月2025 21:22:17.043] [Render thread/WARN] [GregTechCEu/]: Which conflicts with: gtceu:smelting/smelt_raw_tin_ore_to_ingot
[048月2025 21:22:17.045] [Render thread/WARN] [GregTechCEu/]: Recipe duplicate or conflict found in GTRecipeType gtceu:electric_furnace and was not added. See next lines for details
[048月2025 21:22:17.045] [Render thread/WARN] [GregTechCEu/]: Attempted to add GTRecipe: mekanism:processing/uranium/ingot/from_dust_smelting
[048月2025 21:22:17.045] [Render thread/WARN] [GregTechCEu/]: Which conflicts with: gtceu:smelting/smelt_dust_uranium_to_ingot
[048月2025 21:22:17.047] [Render thread/WARN] [GregTechCEu/]: Recipe duplicate or conflict found in GTRecipeType gtceu:electric_furnace and was not added. See next lines for details
[048月2025 21:22:17.047] [Render thread/WARN] [GregTechCEu/]: Attempted to add GTRecipe: mekanism:processing/tin/ingot/from_dust_smelting
[048月2025 21:22:17.047] [Render thread/WARN] [GregTechCEu/]: Which conflicts with: gtceu:smelting/smelt_dust_tin_to_ingot
[048月2025 21:22:17.047] [Render thread/WARN] [GregTechCEu/]: Recipe duplicate or conflict found in GTRecipeType gtceu:electric_furnace and was not added. See next lines for details
[048月2025 21:22:17.047] [Render thread/WARN] [GregTechCEu/]: Attempted to add GTRecipe: gtceu:smelting/smelt_dust_gold_to_ingot
[048月2025 21:22:17.047] [Render thread/WARN] [GregTechCEu/]: Which conflicts with: mekanism:processing/gold/ingot/from_dust_smelting
[048月2025 21:22:17.047] [Render thread/WARN] [GregTechCEu/]: Recipe duplicate or conflict found in GTRecipeType gtceu:electric_furnace and was not added. See next lines for details
[048月2025 21:22:17.047] [Render thread/WARN] [GregTechCEu/]: Attempted to add GTRecipe: gtceu:smelting/smelt_raw_lead_ore_to_ingot
[048月2025 21:22:17.047] [Render thread/WARN] [GregTechCEu/]: Which conflicts with: mekanism:processing/lead/ingot/from_raw_smelting
[048月2025 21:22:17.048] [Render thread/WARN] [GregTechCEu/]: Recipe duplicate or conflict found in GTRecipeType gtceu:electric_furnace and was not added. See next lines for details
[048月2025 21:22:17.048] [Render thread/WARN] [GregTechCEu/]: Attempted to add GTRecipe: gtceu:smelting/smelt_dust_lead_to_ingot
[048月2025 21:22:17.048] [Render thread/WARN] [GregTechCEu/]: Which conflicts with: mekanism:processing/lead/ingot/from_dust_smelting
[048月2025 21:22:17.048] [Render thread/WARN] [GregTechCEu/]: Recipe duplicate or conflict found in GTRecipeType gtceu:electric_furnace and was not added. See next lines for details
[048月2025 21:22:17.048] [Render thread/WARN] [GregTechCEu/]: Attempted to add GTRecipe: mekanism:processing/netherite/ingot_from_dust_smelting
[048月2025 21:22:17.048] [Render thread/WARN] [GregTechCEu/]: Which conflicts with: gtceu:smelting/smelt_dust_netherite_to_ingot
[048月2025 21:22:17.146] [Render thread/WARN] [GregTechCEu/]: Recipe duplicate or conflict found in GTRecipeType gtceu:chemical_reactor and was not added. See next lines for details
[048月2025 21:22:17.146] [Render thread/WARN] [GregTechCEu/]: Attempted to add GTRecipe: gtceu:chemical_reactor/injecting_chalcociteblock_to_shard
[048月2025 21:22:17.147] [Render thread/WARN] [GregTechCEu/]: Which conflicts with: gtceu:chemical_reactor/injecting_chalcocitecrystal_to_shard
[048月2025 21:22:17.147] [Render thread/WARN] [GregTechCEu/]: Recipe duplicate or conflict found in GTRecipeType gtceu:chemical_reactor and was not added. See next lines for details
[048月2025 21:22:17.147] [Render thread/WARN] [GregTechCEu/]: Attempted to add GTRecipe: gtceu:chemical_reactor/injecting_olivinecrystal_to_shard
[048月2025 21:22:17.147] [Render thread/WARN] [GregTechCEu/]: Which conflicts with: gtceu:chemical_reactor/injecting_olivineblock_to_shard
[048月2025 21:22:17.147] [Render thread/WARN] [GregTechCEu/]: Recipe duplicate or conflict found in GTRecipeType gtceu:chemical_reactor and was not added. See next lines for details
[048月2025 21:22:17.147] [Render thread/WARN] [GregTechCEu/]: Attempted to add GTRecipe: gtceu:chemical_reactor/injecting_molybdenumcrystal_to_shard
[048月2025 21:22:17.147] [Render thread/WARN] [GregTechCEu/]: Which conflicts with: gtceu:chemical_reactor/injecting_molybdenumblock_to_shard
[048月2025 21:22:17.147] [Render thread/WARN] [GregTechCEu/]: Recipe duplicate or conflict found in GTRecipeType gtceu:chemical_reactor and was not added. See next lines for details
[048月2025 21:22:17.147] [Render thread/WARN] [GregTechCEu/]: Attempted to add GTRecipe: gtceu:chemical_reactor/injecting_nether_quartzcrystal_to_shard
[048月2025 21:22:17.147] [Render thread/WARN] [GregTechCEu/]: Which conflicts with: gtceu:chemical_reactor/injecting_nether_quartzblock_to_shard
[048月2025 21:22:17.147] [Render thread/WARN] [GregTechCEu/]: Recipe duplicate or conflict found in GTRecipeType gtceu:chemical_reactor and was not added. See next lines for details
[048月2025 21:22:17.147] [Render thread/WARN] [GregTechCEu/]: Attempted to add GTRecipe: gtceu:chemical_reactor/injecting_berylliumcrystal_to_shard
[048月2025 21:22:17.147] [Render thread/WARN] [GregTechCEu/]: Which conflicts with: gtceu:chemical_reactor/injecting_berylliumblock_to_shard
[048月2025 21:22:17.147] [Render thread/WARN] [GregTechCEu/]: Recipe duplicate or conflict found in GTRecipeType gtceu:chemical_reactor and was not added. See next lines for details
[048月2025 21:22:17.147] [Render thread/WARN] [GregTechCEu/]: Attempted to add GTRecipe: gtceu:chemical_reactor/injecting_tetrahedriteblock_to_shard
[048月2025 21:22:17.148] [Render thread/WARN] [GregTechCEu/]: Which conflicts with: gtceu:chemical_reactor/injecting_tetrahedritecrystal_to_shard
[048月2025 21:22:17.148] [Render thread/WARN] [GregTechCEu/]: Recipe duplicate or conflict found in GTRecipeType gtceu:chemical_reactor and was not added. See next lines for details
[048月2025 21:22:17.148] [Render thread/WARN] [GregTechCEu/]: Attempted to add GTRecipe: gtceu:chemical_reactor/injecting_grossularblock_to_shard
[048月2025 21:22:17.148] [Render thread/WARN] [GregTechCEu/]: Which conflicts with: gtceu:chemical_reactor/injecting_grossularcrystal_to_shard
[048月2025 21:22:17.148] [Render thread/WARN] [GregTechCEu/]: Recipe duplicate or conflict found in GTRecipeType gtceu:chemical_reactor and was not added. See next lines for details
[048月2025 21:22:17.148] [Render thread/WARN] [GregTechCEu/]: Attempted to add GTRecipe: gtceu:chemical_reactor/injecting_platinumblock_to_shard
[048月2025 21:22:17.148] [Render thread/WARN] [GregTechCEu/]: Which conflicts with: gtceu:chemical_reactor/injecting_platinumcrystal_to_shard
[048月2025 21:22:17.148] [Render thread/WARN] [GregTechCEu/]: Recipe duplicate or conflict found in GTRecipeType gtceu:chemical_reactor and was not added. See next lines for details
[048月2025 21:22:17.149] [Render thread/WARN] [GregTechCEu/]: Attempted to add GTRecipe: gtceu:chemical_reactor/injecting_aluniteblock_to_shard
[048月2025 21:22:17.149] [Render thread/WARN] [GregTechCEu/]: Which conflicts with: gtceu:chemical_reactor/injecting_alunitecrystal_to_shard
[048月2025 21:22:17.149] [Render thread/WARN] [GregTechCEu/]: Recipe duplicate or conflict found in GTRecipeType gtceu:chemical_reactor and was not added. See next lines for details
[048月2025 21:22:17.149] [Render thread/WARN] [GregTechCEu/]: Attempted to add GTRecipe: gtceu:chemical_reactor/injecting_ironcrystal_to_shard
[048月2025 21:22:17.149] [Render thread/WARN] [GregTechCEu/]: Which conflicts with: gtceu:chemical_reactor/injecting_ironblock_to_shard
[048月2025 21:22:17.149] [Render thread/WARN] [GregTechCEu/]: Recipe duplicate or conflict found in GTRecipeType gtceu:chemical_reactor and was not added. See next lines for details
[048月2025 21:22:17.149] [Render thread/WARN] [GregTechCEu/]: Attempted to add GTRecipe: gtceu:chemical_reactor/injecting_quartzitecrystal_to_shard
[048月2025 21:22:17.149] [Render thread/WARN] [GregTechCEu/]: Which conflicts with: gtceu:chemical_reactor/injecting_quartziteblock_to_shard
[048月2025 21:22:17.149] [Render thread/WARN] [GregTechCEu/]: Recipe duplicate or conflict found in GTRecipeType gtceu:chemical_reactor and was not added. See next lines for details
[048月2025 21:22:17.149] [Render thread/WARN] [GregTechCEu/]: Attempted to add GTRecipe: gtceu:chemical_reactor/injecting_soapstoneblock_to_shard
[048月2025 21:22:17.149] [Render thread/WARN] [GregTechCEu/]: Which conflicts with: gtceu:chemical_reactor/injecting_soapstonecrystal_to_shard
[048月2025 21:22:17.149] [Render thread/WARN] [GregTechCEu/]: Recipe duplicate or conflict found in GTRecipeType gtceu:chemical_reactor and was not added. See next lines for details
[048月2025 21:22:17.149] [Render thread/WARN] [GregTechCEu/]: Attempted to add GTRecipe: gtceu:chemical_reactor/injecting_calciteblock_to_shard
[048月2025 21:22:17.149] [Render thread/WARN] [GregTechCEu/]: Which conflicts with: gtceu:chemical_reactor/injecting_calcitecrystal_to_shard
[048月2025 21:22:17.149] [Render thread/WARN] [GregTechCEu/]: Recipe duplicate or conflict found in GTRecipeType gtceu:chemical_reactor and was not added. See next lines for details
[048月2025 21:22:17.149] [Render thread/WARN] [GregTechCEu/]: Attempted to add GTRecipe: gtceu:chemical_reactor/injecting_baritecrystal_to_shard
[048月2025 21:22:17.149] [Render thread/WARN] [GregTechCEu/]: Which conflicts with: gtceu:chemical_reactor/injecting_bariteblock_to_shard
[048月2025 21:22:17.150] [Render thread/WARN] [GregTechCEu/]: Recipe duplicate or conflict found in GTRecipeType gtceu:chemical_reactor and was not added. See next lines for details
[048月2025 21:22:17.150] [Render thread/WARN] [GregTechCEu/]: Attempted to add GTRecipe: gtceu:chemical_reactor/injecting_bauxitecrystal_to_shard
[048月2025 21:22:17.150] [Render thread/WARN] [GregTechCEu/]: Which conflicts with: gtceu:chemical_reactor/injecting_bauxiteblock_to_shard
[048月2025 21:22:17.150] [Render thread/WARN] [GregTechCEu/]: Recipe duplicate or conflict found in GTRecipeType gtceu:chemical_reactor and was not added. See next lines for details
[048月2025 21:22:17.150] [Render thread/WARN] [GregTechCEu/]: Attempted to add GTRecipe: gtceu:chemical_reactor/injecting_magnesiteblock_to_shard
[048月2025 21:22:17.150] [Render thread/WARN] [GregTechCEu/]: Which conflicts with: gtceu:chemical_reactor/injecting_magnesitecrystal_to_shard
[048月2025 21:22:17.150] [Render thread/WARN] [GregTechCEu/]: Recipe duplicate or conflict found in GTRecipeType gtceu:chemical_reactor and was not added. See next lines for details
[048月2025 21:22:17.150] [Render thread/WARN] [GregTechCEu/]: Attempted to add GTRecipe: gtceu:chemical_reactor/injecting_sapphireblock_to_shard
[048月2025 21:22:17.150] [Render thread/WARN] [GregTechCEu/]: Which conflicts with: gtceu:chemical_reactor/injecting_sapphirecrystal_to_shard
[048月2025 21:22:17.150] [Render thread/WARN] [GregTechCEu/]: Recipe duplicate or conflict found in GTRecipeType gtceu:chemical_reactor and was not added. See next lines for details
[048月2025 21:22:17.150] [Render thread/WARN] [GregTechCEu/]: Attempted to add GTRecipe: gtceu:chemical_reactor/injecting_apatiteblock_to_shard
[048月2025 21:22:17.150] [Render thread/WARN] [GregTechCEu/]: Which conflicts with: gtceu:chemical_reactor/injecting_apatitecrystal_to_shard
[048月2025 21:22:17.150] [Render thread/WARN] [GregTechCEu/]: Recipe duplicate or conflict found in GTRecipeType gtceu:chemical_reactor and was not added. See next lines for details
[048月2025 21:22:17.150] [Render thread/WARN] [GregTechCEu/]: Attempted to add GTRecipe: gtceu:chemical_reactor/injecting_lapiscrystal_to_shard
[048月2025 21:22:17.150] [Render thread/WARN] [GregTechCEu/]: Which conflicts with: gtceu:chemical_reactor/injecting_lapisblock_to_shard
[048月2025 21:22:17.150] [Render thread/WARN] [GregTechCEu/]: Recipe duplicate or conflict found in GTRecipeType gtceu:chemical_reactor and was not added. See next lines for details
[048月2025 21:22:17.150] [Render thread/WARN] [GregTechCEu/]: Attempted to add GTRecipe: gtceu:chemical_reactor/injecting_emeraldcrystal_to_shard
[048月2025 21:22:17.150] [Render thread/WARN] [GregTechCEu/]: Which conflicts with: gtceu:chemical_reactor/injecting_emeraldblock_to_shard
[048月2025 21:22:17.150] [Render thread/WARN] [GregTechCEu/]: Recipe duplicate or conflict found in GTRecipeType gtceu:chemical_reactor and was not added. See next lines for details
[048月2025 21:22:17.150] [Render thread/WARN] [GregTechCEu/]: Attempted to add GTRecipe: gtceu:chemical_reactor/injecting_hematiteblock_to_shard
[048月2025 21:22:17.151] [Render thread/WARN] [GregTechCEu/]: Which conflicts with: gtceu:chemical_reactor/injecting_hematitecrystal_to_shard
[048月2025 21:22:17.151] [Render thread/WARN] [GregTechCEu/]: Recipe duplicate or conflict found in GTRecipeType gtceu:chemical_reactor and was not added. See next lines for details
[048月2025 21:22:17.151] [Render thread/WARN] [GregTechCEu/]: Attempted to add GTRecipe: gtceu:chemical_reactor/injecting_kyanitecrystal_to_shard
[048月2025 21:22:17.151] [Render thread/WARN] [GregTechCEu/]: Which conflicts with: gtceu:chemical_reactor/injecting_kyaniteblock_to_shard
[048月2025 21:22:17.151] [Render thread/WARN] [GregTechCEu/]: Recipe duplicate or conflict found in GTRecipeType gtceu:chemical_reactor and was not added. See next lines for details
[048月2025 21:22:17.151] [Render thread/WARN] [GregTechCEu/]: Attempted to add GTRecipe: gtceu:chemical_reactor/injecting_molybdeniteblock_to_shard
[048月2025 21:22:17.151] [Render thread/WARN] [GregTechCEu/]: Which conflicts with: gtceu:chemical_reactor/injecting_molybdenitecrystal_to_shard
[048月2025 21:22:17.152] [Render thread/WARN] [GregTechCEu/]: Recipe duplicate or conflict found in GTRecipeType gtceu:chemical_reactor and was not added. See next lines for details
[048月2025 21:22:17.152] [Render thread/WARN] [GregTechCEu/]: Attempted to add GTRecipe: gtceu:chemical_reactor/injecting_asbestoscrystal_to_shard
[048月2025 21:22:17.152] [Render thread/WARN] [GregTechCEu/]: Which conflicts with: gtceu:chemical_reactor/injecting_asbestosblock_to_shard
[048月2025 21:22:17.152] [Render thread/WARN] [GregTechCEu/]: Recipe duplicate or conflict found in GTRecipeType gtceu:chemical_reactor and was not added. See next lines for details
[048月2025 21:22:17.152] [Render thread/WARN] [GregTechCEu/]: Attempted to add GTRecipe: gtceu:chemical_reactor/injecting_tantaliteblock_to_shard
[048月2025 21:22:17.152] [Render thread/WARN] [GregTechCEu/]: Which conflicts with: gtceu:chemical_reactor/injecting_tantalitecrystal_to_shard
[048月2025 21:22:17.152] [Render thread/WARN] [GregTechCEu/]: Recipe duplicate or conflict found in GTRecipeType gtceu:chemical_reactor and was not added. See next lines for details
[048月2025 21:22:17.152] [Render thread/WARN] [GregTechCEu/]: Attempted to add GTRecipe: gtceu:chemical_reactor/injecting_tincrystal_to_shard
[048月2025 21:22:17.152] [Render thread/WARN] [GregTechCEu/]: Which conflicts with: gtceu:chemical_reactor/injecting_tinblock_to_shard
[048月2025 21:22:17.152] [Render thread/WARN] [GregTechCEu/]: Recipe duplicate or conflict found in GTRecipeType gtceu:chemical_reactor and was not added. See next lines for details
[048月2025 21:22:17.152] [Render thread/WARN] [GregTechCEu/]: Attempted to add GTRecipe: gtceu:chemical_reactor/injecting_gypsumblock_to_shard
[048月2025 21:22:17.152] [Render thread/WARN] [GregTechCEu/]: Which conflicts with: gtceu:chemical_reactor/injecting_gypsumcrystal_to_shard
[048月2025 21:22:17.152] [Render thread/WARN] [GregTechCEu/]: Recipe duplicate or conflict found in GTRecipeType gtceu:chemical_reactor and was not added. See next lines for details
[048月2025 21:22:17.152] [Render thread/WARN] [GregTechCEu/]: Attempted to add GTRecipe: gtceu:chemical_reactor/injecting_lepidoliteblock_to_shard
[048月2025 21:22:17.152] [Render thread/WARN] [GregTechCEu/]: Which conflicts with: gtceu:chemical_reactor/injecting_lepidolitecrystal_to_shard
[048月2025 21:22:17.152] [Render thread/WARN] [GregTechCEu/]: Recipe duplicate or conflict found in GTRecipeType gtceu:chemical_reactor and was not added. See next lines for details
[048月2025 21:22:17.152] [Render thread/WARN] [GregTechCEu/]: Attempted to add GTRecipe: gtceu:chemical_reactor/injecting_aluminiumcrystal_to_shard
[048月2025 21:22:17.152] [Render thread/WARN] [GregTechCEu/]: Which conflicts with: gtceu:chemical_reactor/injecting_aluminiumblock_to_shard
[048月2025 21:22:17.152] [Render thread/WARN] [GregTechCEu/]: Recipe duplicate or conflict found in GTRecipeType gtceu:chemical_reactor and was not added. See next lines for details
[048月2025 21:22:17.152] [Render thread/WARN] [GregTechCEu/]: Attempted to add GTRecipe: gtceu:chemical_reactor/injecting_nickelcrystal_to_shard
[048月2025 21:22:17.152] [Render thread/WARN] [GregTechCEu/]: Which conflicts with: gtceu:chemical_reactor/injecting_nickelblock_to_shard
[048月2025 21:22:17.152] [Render thread/WARN] [GregTechCEu/]: Recipe duplicate or conflict found in GTRecipeType gtceu:chemical_reactor and was not added. See next lines for details
[048月2025 21:22:17.153] [Render thread/WARN] [GregTechCEu/]: Attempted to add GTRecipe: gtceu:chemical_reactor/injecting_rubyblock_to_shard
[048月2025 21:22:17.153] [Render thread/WARN] [GregTechCEu/]: Which conflicts with: gtceu:chemical_reactor/injecting_rubycrystal_to_shard
[048月2025 21:22:17.153] [Render thread/WARN] [GregTechCEu/]: Recipe duplicate or conflict found in GTRecipeType gtceu:chemical_reactor and was not added. See next lines for details
[048月2025 21:22:17.153] [Render thread/WARN] [GregTechCEu/]: Attempted to add GTRecipe: gtceu:chemical_reactor/injecting_malachiteblock_to_shard
[048月2025 21:22:17.153] [Render thread/WARN] [GregTechCEu/]: Which conflicts with: gtceu:chemical_reactor/injecting_malachitecrystal_to_shard
[048月2025 21:22:17.153] [Render thread/WARN] [GregTechCEu/]: Recipe duplicate or conflict found in GTRecipeType gtceu:chemical_reactor and was not added. See next lines for details
[048月2025 21:22:17.153] [Render thread/WARN] [GregTechCEu/]: Attempted to add GTRecipe: gtceu:chemical_reactor/injecting_certus_quartzcrystal_to_shard
[048月2025 21:22:17.153] [Render thread/WARN] [GregTechCEu/]: Which conflicts with: gtceu:chemical_reactor/injecting_certus_quartzblock_to_shard
[048月2025 21:22:17.153] [Render thread/WARN] [GregTechCEu/]: Recipe duplicate or conflict found in GTRecipeType gtceu:chemical_reactor and was not added. See next lines for details
[048月2025 21:22:17.153] [Render thread/WARN] [GregTechCEu/]: Attempted to add GTRecipe: gtceu:chemical_reactor/injecting_bentonitecrystal_to_shard
[048月2025 21:22:17.153] [Render thread/WARN] [GregTechCEu/]: Which conflicts with: gtceu:chemical_reactor/injecting_bentoniteblock_to_shard
[048月2025 21:22:17.153] [Render thread/WARN] [GregTechCEu/]: Recipe duplicate or conflict found in GTRecipeType gtceu:chemical_reactor and was not added. See next lines for details
[048月2025 21:22:17.153] [Render thread/WARN] [GregTechCEu/]: Attempted to add GTRecipe: gtceu:chemical_reactor/injecting_basaltic_mineral_sandcrystal_to_shard
[048月2025 21:22:17.153] [Render thread/WARN] [GregTechCEu/]: Which conflicts with: gtceu:chemical_reactor/injecting_basaltic_mineral_sandblock_to_shard
[048月2025 21:22:17.154] [Render thread/WARN] [GregTechCEu/]: Recipe duplicate or conflict found in GTRecipeType gtceu:chemical_reactor and was not added. See next lines for details
[048月2025 21:22:17.154] [Render thread/WARN] [GregTechCEu/]: Attempted to add GTRecipe: gtceu:chemical_reactor/injecting_sphaleritecrystal_to_shard
[048月2025 21:22:17.154] [Render thread/WARN] [GregTechCEu/]: Which conflicts with: gtceu:chemical_reactor/injecting_sphaleriteblock_to_shard
[048月2025 21:22:17.154] [Render thread/WARN] [GregTechCEu/]: Recipe duplicate or conflict found in GTRecipeType gtceu:chemical_reactor and was not added. See next lines for details
[048月2025 21:22:17.154] [Render thread/WARN] [GregTechCEu/]: Attempted to add GTRecipe: gtceu:chemical_reactor/injecting_chromitecrystal_to_shard
[048月2025 21:22:17.154] [Render thread/WARN] [GregTechCEu/]: Which conflicts with: gtceu:chemical_reactor/injecting_chromiteblock_to_shard
[048月2025 21:22:17.154] [Render thread/WARN] [GregTechCEu/]: Recipe duplicate or conflict found in GTRecipeType gtceu:chemical_reactor and was not added. See next lines for details
[048月2025 21:22:17.154] [Render thread/WARN] [GregTechCEu/]: Attempted to add GTRecipe: gtceu:chemical_reactor/injecting_amethystblock_to_shard
[048月2025 21:22:17.154] [Render thread/WARN] [GregTechCEu/]: Which conflicts with: gtceu:chemical_reactor/injecting_amethystcrystal_to_shard
[048月2025 21:22:17.154] [Render thread/WARN] [GregTechCEu/]: Recipe duplicate or conflict found in GTRecipeType gtceu:chemical_reactor and was not added. See next lines for details
[048月2025 21:22:17.154] [Render thread/WARN] [GregTechCEu/]: Attempted to add GTRecipe: gtceu:chemical_reactor/injecting_tricalcium_phosphatecrystal_to_shard
[048月2025 21:22:17.154] [Render thread/WARN] [GregTechCEu/]: Which conflicts with: gtceu:chemical_reactor/injecting_tricalcium_phosphateblock_to_shard
[048月2025 21:22:17.154] [Render thread/WARN] [GregTechCEu/]: Recipe duplicate or conflict found in GTRecipeType gtceu:chemical_reactor and was not added. See next lines for details
[048月2025 21:22:17.154] [Render thread/WARN] [GregTechCEu/]: Attempted to add GTRecipe: gtceu:chemical_reactor/injecting_saltpetercrystal_to_shard
[048月2025 21:22:17.154] [Render thread/WARN] [GregTechCEu/]: Which conflicts with: gtceu:chemical_reactor/injecting_saltpeterblock_to_shard
[048月2025 21:22:17.154] [Render thread/WARN] [GregTechCEu/]: Recipe duplicate or conflict found in GTRecipeType gtceu:chemical_reactor and was not added. See next lines for details
[048月2025 21:22:17.154] [Render thread/WARN] [GregTechCEu/]: Attempted to add GTRecipe: gtceu:chemical_reactor/injecting_vanadium_magnetitecrystal_to_shard
[048月2025 21:22:17.154] [Render thread/WARN] [GregTechCEu/]: Which conflicts with: gtceu:chemical_reactor/injecting_vanadium_magnetiteblock_to_shard
[048月2025 21:22:17.154] [Render thread/WARN] [GregTechCEu/]: Recipe duplicate or conflict found in GTRecipeType gtceu:chemical_reactor and was not added. See next lines for details
[048月2025 21:22:17.154] [Render thread/WARN] [GregTechCEu/]: Attempted to add GTRecipe: gtceu:chemical_reactor/injecting_stibniteblock_to_shard
[048月2025 21:22:17.154] [Render thread/WARN] [GregTechCEu/]: Which conflicts with: gtceu:chemical_reactor/injecting_stibnitecrystal_to_shard
[048月2025 21:22:17.154] [Render thread/WARN] [GregTechCEu/]: Recipe duplicate or conflict found in GTRecipeType gtceu:chemical_reactor and was not added. See next lines for details
[048月2025 21:22:17.156] [Render thread/WARN] [GregTechCEu/]: Attempted to add GTRecipe: gtceu:chemical_reactor/injecting_realgarcrystal_to_shard
[048月2025 21:22:17.156] [Render thread/WARN] [GregTechCEu/]: Which conflicts with: gtceu:chemical_reactor/injecting_realgarblock_to_shard
[048月2025 21:22:17.156] [Render thread/WARN] [GregTechCEu/]: Recipe duplicate or conflict found in GTRecipeType gtceu:chemical_reactor and was not added. See next lines for details
[048月2025 21:22:17.156] [Render thread/WARN] [GregTechCEu/]: Attempted to add GTRecipe: gtceu:chemical_reactor/injecting_almandinecrystal_to_shard
[048月2025 21:22:17.156] [Render thread/WARN] [GregTechCEu/]: Which conflicts with: gtceu:chemical_reactor/injecting_almandineblock_to_shard
[048月2025 21:22:17.156] [Render thread/WARN] [GregTechCEu/]: Recipe duplicate or conflict found in GTRecipeType gtceu:chemical_reactor and was not added. See next lines for details
[048月2025 21:22:17.156] [Render thread/WARN] [GregTechCEu/]: Attempted to add GTRecipe: gtceu:chemical_reactor/injecting_micacrystal_to_shard
[048月2025 21:22:17.156] [Render thread/WARN] [GregTechCEu/]: Which conflicts with: gtceu:chemical_reactor/injecting_micablock_to_shard
[048月2025 21:22:17.156] [Render thread/WARN] [GregTechCEu/]: Recipe duplicate or conflict found in GTRecipeType gtceu:chemical_reactor and was not added. See next lines for details
[048月2025 21:22:17.156] [Render thread/WARN] [GregTechCEu/]: Attempted to add GTRecipe: gtceu:chemical_reactor/injecting_wulfeniteblock_to_shard
[048月2025 21:22:17.156] [Render thread/WARN] [GregTechCEu/]: Which conflicts with: gtceu:chemical_reactor/injecting_wulfenitecrystal_to_shard
[048月2025 21:22:17.156] [Render thread/WARN] [GregTechCEu/]: Recipe duplicate or conflict found in GTRecipeType gtceu:chemical_reactor and was not added. See next lines for details
[048月2025 21:22:17.156] [Render thread/WARN] [GregTechCEu/]: Attempted to add GTRecipe: gtceu:chemical_reactor/injecting_uraninitecrystal_to_shard
[048月2025 21:22:17.156] [Render thread/WARN] [GregTechCEu/]: Which conflicts with: gtceu:chemical_reactor/injecting_uraniniteblock_to_shard
[048月2025 21:22:17.156] [Render thread/WARN] [GregTechCEu/]: Recipe duplicate or conflict found in GTRecipeType gtceu:chemical_reactor and was not added. See next lines for details
[048月2025 21:22:17.156] [Render thread/WARN] [GregTechCEu/]: Attempted to add GTRecipe: gtceu:chemical_reactor/injecting_pyritecrystal_to_shard
[048月2025 21:22:17.156] [Render thread/WARN] [GregTechCEu/]: Which conflicts with: gtceu:chemical_reactor/injecting_pyriteblock_to_shard
[048月2025 21:22:17.156] [Render thread/WARN] [GregTechCEu/]: Recipe duplicate or conflict found in GTRecipeType gtceu:chemical_reactor and was not added. See next lines for details
[048月2025 21:22:17.156] [Render thread/WARN] [GregTechCEu/]: Attempted to add GTRecipe: gtceu:chemical_reactor/injecting_pollucitecrystal_to_shard
[048月2025 21:22:17.156] [Render thread/WARN] [GregTechCEu/]: Which conflicts with: gtceu:chemical_reactor/injecting_polluciteblock_to_shard
[048月2025 21:22:17.157] [Render thread/WARN] [GregTechCEu/]: Recipe duplicate or conflict found in GTRecipeType gtceu:chemical_reactor and was not added. See next lines for details
[048月2025 21:22:17.157] [Render thread/WARN] [GregTechCEu/]: Attempted to add GTRecipe: gtceu:chemical_reactor/injecting_pyropecrystal_to_shard
[048月2025 21:22:17.157] [Render thread/WARN] [GregTechCEu/]: Which conflicts with: gtceu:chemical_reactor/injecting_pyropeblock_to_shard
[048月2025 21:22:17.157] [Render thread/WARN] [GregTechCEu/]: Recipe duplicate or conflict found in GTRecipeType gtceu:chemical_reactor and was not added. See next lines for details
[048月2025 21:22:17.157] [Render thread/WARN] [GregTechCEu/]: Attempted to add GTRecipe: gtceu:chemical_reactor/injecting_oilsandscrystal_to_shard
[048月2025 21:22:17.157] [Render thread/WARN] [GregTechCEu/]: Which conflicts with: gtceu:chemical_reactor/injecting_oilsandsblock_to_shard
[048月2025 21:22:17.157] [Render thread/WARN] [GregTechCEu/]: Recipe duplicate or conflict found in GTRecipeType gtceu:chemical_reactor and was not added. See next lines for details
[048月2025 21:22:17.157] [Render thread/WARN] [GregTechCEu/]: Attempted to add GTRecipe: gtceu:chemical_reactor/injecting_copperblock_to_shard
[048月2025 21:22:17.157] [Render thread/WARN] [GregTechCEu/]: Which conflicts with: gtceu:chemical_reactor/injecting_coppercrystal_to_shard
[048月2025 21:22:17.157] [Render thread/WARN] [GregTechCEu/]: Recipe duplicate or conflict found in GTRecipeType gtceu:chemical_reactor and was not added. See next lines for details
[048月2025 21:22:17.157] [Render thread/WARN] [GregTechCEu/]: Attempted to add GTRecipe: gtceu:chemical_reactor/injecting_goldcrystal_to_shard
[048月2025 21:22:17.157] [Render thread/WARN] [GregTechCEu/]: Which conflicts with: gtceu:chemical_reactor/injecting_goldblock_to_shard
[048月2025 21:22:17.157] [Render thread/WARN] [GregTechCEu/]: Recipe duplicate or conflict found in GTRecipeType gtceu:chemical_reactor and was not added. See next lines for details
[048月2025 21:22:17.157] [Render thread/WARN] [GregTechCEu/]: Attempted to add GTRecipe: gtceu:chemical_reactor/injecting_goethitecrystal_to_shard
[048月2025 21:22:17.157] [Render thread/WARN] [GregTechCEu/]: Which conflicts with: gtceu:chemical_reactor/injecting_goethiteblock_to_shard
[048月2025 21:22:17.157] [Render thread/WARN] [GregTechCEu/]: Recipe duplicate or conflict found in GTRecipeType gtceu:chemical_reactor and was not added. See next lines for details
[048月2025 21:22:17.157] [Render thread/WARN] [GregTechCEu/]: Attempted to add GTRecipe: gtceu:chemical_reactor/injecting_monaziteblock_to_shard
[048月2025 21:22:17.157] [Render thread/WARN] [GregTechCEu/]: Which conflicts with: gtceu:chemical_reactor/injecting_monazitecrystal_to_shard
[048月2025 21:22:17.157] [Render thread/WARN] [GregTechCEu/]: Recipe duplicate or conflict found in GTRecipeType gtceu:chemical_reactor and was not added. See next lines for details
[048月2025 21:22:17.157] [Render thread/WARN] [GregTechCEu/]: Attempted to add GTRecipe: gtceu:chemical_reactor/injecting_green_sapphireblock_to_shard
[048月2025 21:22:17.157] [Render thread/WARN] [GregTechCEu/]: Which conflicts with: gtceu:chemical_reactor/injecting_green_sapphirecrystal_to_shard
[048月2025 21:22:17.157] [Render thread/WARN] [GregTechCEu/]: Recipe duplicate or conflict found in GTRecipeType gtceu:chemical_reactor and was not added. See next lines for details
[048月2025 21:22:17.157] [Render thread/WARN] [GregTechCEu/]: Attempted to add GTRecipe: gtceu:chemical_reactor/injecting_zeoliteblock_to_shard
[048月2025 21:22:17.157] [Render thread/WARN] [GregTechCEu/]: Which conflicts with: gtceu:chemical_reactor/injecting_zeolitecrystal_to_shard
[048月2025 21:22:17.158] [Render thread/WARN] [GregTechCEu/]: Recipe duplicate or conflict found in GTRecipeType gtceu:chemical_reactor and was not added. See next lines for details
[048月2025 21:22:17.158] [Render thread/WARN] [GregTechCEu/]: Attempted to add GTRecipe: gtceu:chemical_reactor/injecting_thoriumblock_to_shard
[048月2025 21:22:17.158] [Render thread/WARN] [GregTechCEu/]: Which conflicts with: gtceu:chemical_reactor/injecting_thoriumcrystal_to_shard
[048月2025 21:22:17.158] [Render thread/WARN] [GregTechCEu/]: Recipe duplicate or conflict found in GTRecipeType gtceu:chemical_reactor and was not added. See next lines for details
[048月2025 21:22:17.158] [Render thread/WARN] [GregTechCEu/]: Attempted to add GTRecipe: gtceu:chemical_reactor/injecting_pitchblendecrystal_to_shard
[048月2025 21:22:17.158] [Render thread/WARN] [GregTechCEu/]: Which conflicts with: gtceu:chemical_reactor/injecting_pitchblendeblock_to_shard
[048月2025 21:22:17.158] [Render thread/WARN] [GregTechCEu/]: Recipe duplicate or conflict found in GTRecipeType gtceu:chemical_reactor and was not added. See next lines for details
[048月2025 21:22:17.158] [Render thread/WARN] [GregTechCEu/]: Attempted to add GTRecipe: gtceu:chemical_reactor/injecting_magnetiteblock_to_shard
[048月2025 21:22:17.158] [Render thread/WARN] [GregTechCEu/]: Which conflicts with: gtceu:chemical_reactor/injecting_magnetitecrystal_to_shard
[048月2025 21:22:17.158] [Render thread/WARN] [GregTechCEu/]: Recipe duplicate or conflict found in GTRecipeType gtceu:chemical_reactor and was not added. See next lines for details
[048月2025 21:22:17.158] [Render thread/WARN] [GregTechCEu/]: Attempted to add GTRecipe: gtceu:chemical_reactor/injecting_graphiteblock_to_shard
[048月2025 21:22:17.158] [Render thread/WARN] [GregTechCEu/]: Which conflicts with: gtceu:chemical_reactor/injecting_graphitecrystal_to_shard
[048月2025 21:22:17.158] [Render thread/WARN] [GregTechCEu/]: Recipe duplicate or conflict found in GTRecipeType gtceu:chemical_reactor and was not added. See next lines for details
[048月2025 21:22:17.158] [Render thread/WARN] [GregTechCEu/]: Attempted to add GTRecipe: gtceu:chemical_reactor/injecting_granitic_mineral_sandblock_to_shard
[048月2025 21:22:17.158] [Render thread/WARN] [GregTechCEu/]: Which conflicts with: gtceu:chemical_reactor/injecting_granitic_mineral_sandcrystal_to_shard
[048月2025 21:22:17.158] [Render thread/WARN] [GregTechCEu/]: Recipe duplicate or conflict found in GTRecipeType gtceu:chemical_reactor and was not added. See next lines for details
[048月2025 21:22:17.158] [Render thread/WARN] [GregTechCEu/]: Attempted to add GTRecipe: gtceu:chemical_reactor/injecting_garnet_sandblock_to_shard
[048月2025 21:22:17.158] [Render thread/WARN] [GregTechCEu/]: Which conflicts with: gtceu:chemical_reactor/injecting_garnet_sandcrystal_to_shard
[048月2025 21:22:17.158] [Render thread/WARN] [GregTechCEu/]: Recipe duplicate or conflict found in GTRecipeType gtceu:chemical_reactor and was not added. See next lines for details
[048月2025 21:22:17.158] [Render thread/WARN] [GregTechCEu/]: Attempted to add GTRecipe: gtceu:chemical_reactor/injecting_blue_topazblock_to_shard
[048月2025 21:22:17.158] [Render thread/WARN] [GregTechCEu/]: Which conflicts with: gtceu:chemical_reactor/injecting_blue_topazcrystal_to_shard
[048月2025 21:22:17.158] [Render thread/WARN] [GregTechCEu/]: Recipe duplicate or conflict found in GTRecipeType gtceu:chemical_reactor and was not added. See next lines for details
[048月2025 21:22:17.158] [Render thread/WARN] [GregTechCEu/]: Attempted to add GTRecipe: gtceu:chemical_reactor/injecting_yellow_garnetcrystal_to_shard
[048月2025 21:22:17.158] [Render thread/WARN] [GregTechCEu/]: Which conflicts with: gtceu:chemical_reactor/injecting_yellow_garnetblock_to_shard
[048月2025 21:22:17.159] [Render thread/WARN] [GregTechCEu/]: Recipe duplicate or conflict found in GTRecipeType gtceu:chemical_reactor and was not added. See next lines for details
[048月2025 21:22:17.159] [Render thread/WARN] [GregTechCEu/]: Attempted to add GTRecipe: gtceu:chemical_reactor/injecting_diatomiteblock_to_shard
[048月2025 21:22:17.159] [Render thread/WARN] [GregTechCEu/]: Which conflicts with: gtceu:chemical_reactor/injecting_diatomitecrystal_to_shard
[048月2025 21:22:17.159] [Render thread/WARN] [GregTechCEu/]: Recipe duplicate or conflict found in GTRecipeType gtceu:chemical_reactor and was not added. See next lines for details
[048月2025 21:22:17.159] [Render thread/WARN] [GregTechCEu/]: Attempted to add GTRecipe: gtceu:chemical_reactor/injecting_garnieriteblock_to_shard
[048月2025 21:22:17.159] [Render thread/WARN] [GregTechCEu/]: Which conflicts with: gtceu:chemical_reactor/injecting_garnieritecrystal_to_shard
[048月2025 21:22:17.159] [Render thread/WARN] [GregTechCEu/]: Recipe duplicate or conflict found in GTRecipeType gtceu:chemical_reactor and was not added. See next lines for details
[048月2025 21:22:17.159] [Render thread/WARN] [GregTechCEu/]: Attempted to add GTRecipe: gtceu:chemical_reactor/injecting_galenacrystal_to_shard
[048月2025 21:22:17.159] [Render thread/WARN] [GregTechCEu/]: Which conflicts with: gtceu:chemical_reactor/injecting_galenablock_to_shard
[048月2025 21:22:17.159] [Render thread/WARN] [GregTechCEu/]: Recipe duplicate or conflict found in GTRecipeType gtceu:chemical_reactor and was not added. See next lines for details
[048月2025 21:22:17.159] [Render thread/WARN] [GregTechCEu/]: Attempted to add GTRecipe: gtceu:chemical_reactor/injecting_fullers_earthcrystal_to_shard
[048月2025 21:22:17.159] [Render thread/WARN] [GregTechCEu/]: Which conflicts with: gtceu:chemical_reactor/injecting_fullers_earthblock_to_shard
[048月2025 21:22:17.159] [Render thread/WARN] [GregTechCEu/]: Recipe duplicate or conflict found in GTRecipeType gtceu:chemical_reactor and was not added. See next lines for details
[048月2025 21:22:17.159] [Render thread/WARN] [GregTechCEu/]: Attempted to add GTRecipe: gtceu:chemical_reactor/injecting_pyrolusitecrystal_to_shard
[048月2025 21:22:17.159] [Render thread/WARN] [GregTechCEu/]: Which conflicts with: gtceu:chemical_reactor/injecting_pyrolusiteblock_to_shard
[048月2025 21:22:17.160] [Render thread/WARN] [GregTechCEu/]: Recipe duplicate or conflict found in GTRecipeType gtceu:chemical_reactor and was not added. See next lines for details
[048月2025 21:22:17.160] [Render thread/WARN] [GregTechCEu/]: Attempted to add GTRecipe: gtceu:chemical_reactor/injecting_powelliteblock_to_shard
[048月2025 21:22:17.160] [Render thread/WARN] [GregTechCEu/]: Which conflicts with: gtceu:chemical_reactor/injecting_powellitecrystal_to_shard
[048月2025 21:22:17.160] [Render thread/WARN] [GregTechCEu/]: Recipe duplicate or conflict found in GTRecipeType gtceu:chemical_reactor and was not added. See next lines for details
[048月2025 21:22:17.160] [Render thread/WARN] [GregTechCEu/]: Attempted to add GTRecipe: gtceu:chemical_reactor/injecting_opalblock_to_shard
[048月2025 21:22:17.160] [Render thread/WARN] [GregTechCEu/]: Which conflicts with: gtceu:chemical_reactor/injecting_opalcrystal_to_shard
[048月2025 21:22:17.160] [Render thread/WARN] [GregTechCEu/]: Recipe duplicate or conflict found in GTRecipeType gtceu:chemical_reactor and was not added. See next lines for details
[048月2025 21:22:17.160] [Render thread/WARN] [GregTechCEu/]: Attempted to add GTRecipe: gtceu:chemical_reactor/injecting_neodymiumcrystal_to_shard
[048月2025 21:22:17.160] [Render thread/WARN] [GregTechCEu/]: Which conflicts with: gtceu:chemical_reactor/injecting_neodymiumblock_to_shard
[048月2025 21:22:17.160] [Render thread/WARN] [GregTechCEu/]: Recipe duplicate or conflict found in GTRecipeType gtceu:chemical_reactor and was not added. See next lines for details
[048月2025 21:22:17.160] [Render thread/WARN] [GregTechCEu/]: Attempted to add GTRecipe: gtceu:chemical_reactor/injecting_redstonecrystal_to_shard
[048月2025 21:22:17.160] [Render thread/WARN] [GregTechCEu/]: Which conflicts with: gtceu:chemical_reactor/injecting_redstoneblock_to_shard
[048月2025 21:22:17.160] [Render thread/WARN] [GregTechCEu/]: Recipe duplicate or conflict found in GTRecipeType gtceu:chemical_reactor and was not added. See next lines for details
[048月2025 21:22:17.160] [Render thread/WARN] [GregTechCEu/]: Attempted to add GTRecipe: gtceu:chemical_reactor/injecting_rock_saltblock_to_shard
[048月2025 21:22:17.160] [Render thread/WARN] [GregTechCEu/]: Which conflicts with: gtceu:chemical_reactor/injecting_rock_saltcrystal_to_shard
[048月2025 21:22:17.160] [Render thread/WARN] [GregTechCEu/]: Recipe duplicate or conflict found in GTRecipeType gtceu:chemical_reactor and was not added. See next lines for details
[048月2025 21:22:17.160] [Render thread/WARN] [GregTechCEu/]: Attempted to add GTRecipe: gtceu:chemical_reactor/injecting_spessartinecrystal_to_shard
[048月2025 21:22:17.160] [Render thread/WARN] [GregTechCEu/]: Which conflicts with: gtceu:chemical_reactor/injecting_spessartineblock_to_shard
[048月2025 21:22:17.160] [Render thread/WARN] [GregTechCEu/]: Recipe duplicate or conflict found in GTRecipeType gtceu:chemical_reactor and was not added. See next lines for details
[048月2025 21:22:17.160] [Render thread/WARN] [GregTechCEu/]: Attempted to add GTRecipe: gtceu:chemical_reactor/injecting_coalcrystal_to_shard
[048月2025 21:22:17.160] [Render thread/WARN] [GregTechCEu/]: Which conflicts with: gtceu:chemical_reactor/injecting_coalblock_to_shard
[048月2025 21:22:17.160] [Render thread/WARN] [GregTechCEu/]: Recipe duplicate or conflict found in GTRecipeType gtceu:chemical_reactor and was not added. See next lines for details
[048月2025 21:22:17.160] [Render thread/WARN] [GregTechCEu/]: Attempted to add GTRecipe: gtceu:chemical_reactor/injecting_red_garnetcrystal_to_shard
[048月2025 21:22:17.160] [Render thread/WARN] [GregTechCEu/]: Which conflicts with: gtceu:chemical_reactor/injecting_red_garnetblock_to_shard
[048月2025 21:22:17.161] [Render thread/WARN] [GregTechCEu/]: Recipe duplicate or conflict found in GTRecipeType gtceu:chemical_reactor and was not added. See next lines for details
[048月2025 21:22:17.161] [Render thread/WARN] [GregTechCEu/]: Attempted to add GTRecipe: gtceu:chemical_reactor/injecting_electrotinecrystal_to_shard
[048月2025 21:22:17.161] [Render thread/WARN] [GregTechCEu/]: Which conflicts with: gtceu:chemical_reactor/injecting_electrotineblock_to_shard
[048月2025 21:22:17.161] [Render thread/WARN] [GregTechCEu/]: Recipe duplicate or conflict found in GTRecipeType gtceu:chemical_reactor and was not added. See next lines for details
[048月2025 21:22:17.161] [Render thread/WARN] [GregTechCEu/]: Attempted to add GTRecipe: gtceu:chemical_reactor/injecting_cassiterite_sandblock_to_shard
[048月2025 21:22:17.161] [Render thread/WARN] [GregTechCEu/]: Which conflicts with: gtceu:chemical_reactor/injecting_cassiterite_sandcrystal_to_shard
[048月2025 21:22:17.161] [Render thread/WARN] [GregTechCEu/]: Recipe duplicate or conflict found in GTRecipeType gtceu:chemical_reactor and was not added. See next lines for details
[048月2025 21:22:17.161] [Render thread/WARN] [GregTechCEu/]: Attempted to add GTRecipe: gtceu:chemical_reactor/injecting_cinnabarblock_to_shard
[048月2025 21:22:17.161] [Render thread/WARN] [GregTechCEu/]: Which conflicts with: gtceu:chemical_reactor/injecting_cinnabarcrystal_to_shard
[048月2025 21:22:17.161] [Render thread/WARN] [GregTechCEu/]: Recipe duplicate or conflict found in GTRecipeType gtceu:chemical_reactor and was not added. See next lines for details
[048月2025 21:22:17.161] [Render thread/WARN] [GregTechCEu/]: Attempted to add GTRecipe: gtceu:chemical_reactor/injecting_lazuriteblock_to_shard
[048月2025 21:22:17.161] [Render thread/WARN] [GregTechCEu/]: Which conflicts with: gtceu:chemical_reactor/injecting_lazuritecrystal_to_shard
[048月2025 21:22:17.161] [Render thread/WARN] [GregTechCEu/]: Recipe duplicate or conflict found in GTRecipeType gtceu:chemical_reactor and was not added. See next lines for details
[048月2025 21:22:17.161] [Render thread/WARN] [GregTechCEu/]: Attempted to add GTRecipe: gtceu:chemical_reactor/injecting_tungstatecrystal_to_shard
[048月2025 21:22:17.161] [Render thread/WARN] [GregTechCEu/]: Which conflicts with: gtceu:chemical_reactor/injecting_tungstateblock_to_shard
[048月2025 21:22:17.161] [Render thread/WARN] [GregTechCEu/]: Recipe duplicate or conflict found in GTRecipeType gtceu:chemical_reactor and was not added. See next lines for details
[048月2025 21:22:17.161] [Render thread/WARN] [GregTechCEu/]: Attempted to add GTRecipe: gtceu:chemical_reactor/injecting_cobaltcrystal_to_shard
[048月2025 21:22:17.161] [Render thread/WARN] [GregTechCEu/]: Which conflicts with: gtceu:chemical_reactor/injecting_cobaltblock_to_shard
[048月2025 21:22:17.161] [Render thread/WARN] [GregTechCEu/]: Recipe duplicate or conflict found in GTRecipeType gtceu:chemical_reactor and was not added. See next lines for details
[048月2025 21:22:17.161] [Render thread/WARN] [GregTechCEu/]: Attempted to add GTRecipe: gtceu:chemical_reactor/injecting_cassiteritecrystal_to_shard
[048月2025 21:22:17.161] [Render thread/WARN] [GregTechCEu/]: Which conflicts with: gtceu:chemical_reactor/injecting_cassiteriteblock_to_shard
[048月2025 21:22:17.161] [Render thread/WARN] [GregTechCEu/]: Recipe duplicate or conflict found in GTRecipeType gtceu:chemical_reactor and was not added. See next lines for details
[048月2025 21:22:17.161] [Render thread/WARN] [GregTechCEu/]: Attempted to add GTRecipe: gtceu:chemical_reactor/injecting_tronacrystal_to_shard
[048月2025 21:22:17.161] [Render thread/WARN] [GregTechCEu/]: Which conflicts with: gtceu:chemical_reactor/injecting_tronablock_to_shard
[048月2025 21:22:17.162] [Render thread/WARN] [GregTechCEu/]: Recipe duplicate or conflict found in GTRecipeType gtceu:chemical_reactor and was not added. See next lines for details
[048月2025 21:22:17.162] [Render thread/WARN] [GregTechCEu/]: Attempted to add GTRecipe: gtceu:chemical_reactor/injecting_pyrochlorecrystal_to_shard
[048月2025 21:22:17.162] [Render thread/WARN] [GregTechCEu/]: Which conflicts with: gtceu:chemical_reactor/injecting_pyrochloreblock_to_shard
[048月2025 21:22:17.162] [Render thread/WARN] [GregTechCEu/]: Recipe duplicate or conflict found in GTRecipeType gtceu:chemical_reactor and was not added. See next lines for details
[048月2025 21:22:17.162] [Render thread/WARN] [GregTechCEu/]: Attempted to add GTRecipe: gtceu:chemical_reactor/injecting_diamondcrystal_to_shard
[048月2025 21:22:17.162] [Render thread/WARN] [GregTechCEu/]: Which conflicts with: gtceu:chemical_reactor/injecting_diamondblock_to_shard
[048月2025 21:22:17.162] [Render thread/WARN] [GregTechCEu/]: Recipe duplicate or conflict found in GTRecipeType gtceu:chemical_reactor and was not added. See next lines for details
[048月2025 21:22:17.162] [Render thread/WARN] [GregTechCEu/]: Attempted to add GTRecipe: gtceu:chemical_reactor/injecting_spodumeneblock_to_shard
[048月2025 21:22:17.162] [Render thread/WARN] [GregTechCEu/]: Which conflicts with: gtceu:chemical_reactor/injecting_spodumenecrystal_to_shard
[048月2025 21:22:17.162] [Render thread/WARN] [GregTechCEu/]: Recipe duplicate or conflict found in GTRecipeType gtceu:chemical_reactor and was not added. See next lines for details
[048月2025 21:22:17.162] [Render thread/WARN] [GregTechCEu/]: Attempted to add GTRecipe: gtceu:chemical_reactor/injecting_yellow_limonitecrystal_to_shard
[048月2025 21:22:17.162] [Render thread/WARN] [GregTechCEu/]: Which conflicts with: gtceu:chemical_reactor/injecting_yellow_limoniteblock_to_shard
[048月2025 21:22:17.162] [Render thread/WARN] [GregTechCEu/]: Recipe duplicate or conflict found in GTRecipeType gtceu:chemical_reactor and was not added. See next lines for details
[048月2025 21:22:17.162] [Render thread/WARN] [GregTechCEu/]: Attempted to add GTRecipe: gtceu:chemical_reactor/injecting_glauconite_sandblock_to_shard
[048月2025 21:22:17.162] [Render thread/WARN] [GregTechCEu/]: Which conflicts with: gtceu:chemical_reactor/injecting_glauconite_sandcrystal_to_shard
[048月2025 21:22:17.162] [Render thread/WARN] [GregTechCEu/]: Recipe duplicate or conflict found in GTRecipeType gtceu:chemical_reactor and was not added. See next lines for details
[048月2025 21:22:17.162] [Render thread/WARN] [GregTechCEu/]: Attempted to add GTRecipe: gtceu:chemical_reactor/injecting_scheeliteblock_to_shard
[048月2025 21:22:17.162] [Render thread/WARN] [GregTechCEu/]: Which conflicts with: gtceu:chemical_reactor/injecting_scheelitecrystal_to_shard
[048月2025 21:22:17.162] [Render thread/WARN] [GregTechCEu/]: Recipe duplicate or conflict found in GTRecipeType gtceu:chemical_reactor and was not added. See next lines for details
[048月2025 21:22:17.162] [Render thread/WARN] [GregTechCEu/]: Attempted to add GTRecipe: gtceu:chemical_reactor/injecting_bastnasitecrystal_to_shard
[048月2025 21:22:17.162] [Render thread/WARN] [GregTechCEu/]: Which conflicts with: gtceu:chemical_reactor/injecting_bastnasiteblock_to_shard
[048月2025 21:22:17.162] [Render thread/WARN] [GregTechCEu/]: Recipe duplicate or conflict found in GTRecipeType gtceu:chemical_reactor and was not added. See next lines for details
[048月2025 21:22:17.162] [Render thread/WARN] [GregTechCEu/]: Attempted to add GTRecipe: gtceu:chemical_reactor/injecting_topazcrystal_to_shard
[048月2025 21:22:17.162] [Render thread/WARN] [GregTechCEu/]: Which conflicts with: gtceu:chemical_reactor/injecting_topazblock_to_shard
[048月2025 21:22:17.162] [Render thread/WARN] [GregTechCEu/]: Recipe duplicate or conflict found in GTRecipeType gtceu:chemical_reactor and was not added. See next lines for details
[048月2025 21:22:17.162] [Render thread/WARN] [GregTechCEu/]: Attempted to add GTRecipe: gtceu:chemical_reactor/injecting_plutoniumblock_to_shard
[048月2025 21:22:17.162] [Render thread/WARN] [GregTechCEu/]: Which conflicts with: gtceu:chemical_reactor/injecting_plutoniumcrystal_to_shard
[048月2025 21:22:17.164] [Render thread/WARN] [GregTechCEu/]: Recipe duplicate or conflict found in GTRecipeType gtceu:chemical_reactor and was not added. See next lines for details
[048月2025 21:22:17.164] [Render thread/WARN] [GregTechCEu/]: Attempted to add GTRecipe: gtceu:chemical_reactor/injecting_borniteblock_to_shard
[048月2025 21:22:17.164] [Render thread/WARN] [GregTechCEu/]: Which conflicts with: gtceu:chemical_reactor/injecting_bornitecrystal_to_shard
[048月2025 21:22:17.164] [Render thread/WARN] [GregTechCEu/]: Recipe duplicate or conflict found in GTRecipeType gtceu:chemical_reactor and was not added. See next lines for details
[048月2025 21:22:17.164] [Render thread/WARN] [GregTechCEu/]: Attempted to add GTRecipe: gtceu:chemical_reactor/injecting_leadblock_to_shard
[048月2025 21:22:17.164] [Render thread/WARN] [GregTechCEu/]: Which conflicts with: gtceu:chemical_reactor/injecting_leadcrystal_to_shard
[048月2025 21:22:17.164] [Render thread/WARN] [GregTechCEu/]: Recipe duplicate or conflict found in GTRecipeType gtceu:chemical_reactor and was not added. See next lines for details
[048月2025 21:22:17.164] [Render thread/WARN] [GregTechCEu/]: Attempted to add GTRecipe: gtceu:chemical_reactor/injecting_silverblock_to_shard
[048月2025 21:22:17.164] [Render thread/WARN] [GregTechCEu/]: Which conflicts with: gtceu:chemical_reactor/injecting_silvercrystal_to_shard
[048月2025 21:22:17.164] [Render thread/WARN] [GregTechCEu/]: Recipe duplicate or conflict found in GTRecipeType gtceu:chemical_reactor and was not added. See next lines for details
[048月2025 21:22:17.164] [Render thread/WARN] [GregTechCEu/]: Attempted to add GTRecipe: gtceu:chemical_reactor/injecting_saltcrystal_to_shard
[048月2025 21:22:17.164] [Render thread/WARN] [GregTechCEu/]: Which conflicts with: gtceu:chemical_reactor/injecting_saltblock_to_shard
[048月2025 21:22:17.164] [Render thread/WARN] [GregTechCEu/]: Recipe duplicate or conflict found in GTRecipeType gtceu:chemical_reactor and was not added. See next lines for details
[048月2025 21:22:17.164] [Render thread/WARN] [GregTechCEu/]: Attempted to add GTRecipe: gtceu:chemical_reactor/injecting_palladiumblock_to_shard
[048月2025 21:22:17.164] [Render thread/WARN] [GregTechCEu/]: Which conflicts with: gtceu:chemical_reactor/injecting_palladiumcrystal_to_shard
[048月2025 21:22:17.164] [Render thread/WARN] [GregTechCEu/]: Recipe duplicate or conflict found in GTRecipeType gtceu:chemical_reactor and was not added. See next lines for details
[048月2025 21:22:17.164] [Render thread/WARN] [GregTechCEu/]: Attempted to add GTRecipe: gtceu:chemical_reactor/injecting_pentlanditecrystal_to_shard
[048月2025 21:22:17.164] [Render thread/WARN] [GregTechCEu/]: Which conflicts with: gtceu:chemical_reactor/injecting_pentlanditeblock_to_shard
[048月2025 21:22:17.164] [Render thread/WARN] [GregTechCEu/]: Recipe duplicate or conflict found in GTRecipeType gtceu:chemical_reactor and was not added. See next lines for details
[048月2025 21:22:17.164] [Render thread/WARN] [GregTechCEu/]: Attempted to add GTRecipe: gtceu:chemical_reactor/injecting_chalcopyriteblock_to_shard
[048月2025 21:22:17.164] [Render thread/WARN] [GregTechCEu/]: Which conflicts with: gtceu:chemical_reactor/injecting_chalcopyritecrystal_to_shard
[048月2025 21:22:17.165] [Render thread/WARN] [GregTechCEu/]: Recipe duplicate or conflict found in GTRecipeType gtceu:chemical_reactor and was not added. See next lines for details
[048月2025 21:22:17.165] [Render thread/WARN] [GregTechCEu/]: Attempted to add GTRecipe: gtceu:chemical_reactor/injecting_lithiumblock_to_shard
[048月2025 21:22:17.165] [Render thread/WARN] [GregTechCEu/]: Which conflicts with: gtceu:chemical_reactor/injecting_lithiumcrystal_to_shard
[048月2025 21:22:17.165] [Render thread/WARN] [GregTechCEu/]: Recipe duplicate or conflict found in GTRecipeType gtceu:chemical_reactor and was not added. See next lines for details
[048月2025 21:22:17.165] [Render thread/WARN] [GregTechCEu/]: Attempted to add GTRecipe: gtceu:chemical_reactor/injecting_sulfurcrystal_to_shard
[048月2025 21:22:17.165] [Render thread/WARN] [GregTechCEu/]: Which conflicts with: gtceu:chemical_reactor/injecting_sulfurblock_to_shard
[048月2025 21:22:17.165] [Render thread/WARN] [GregTechCEu/]: Recipe duplicate or conflict found in GTRecipeType gtceu:chemical_reactor and was not added. See next lines for details
[048月2025 21:22:17.165] [Render thread/WARN] [GregTechCEu/]: Attempted to add GTRecipe: gtceu:chemical_reactor/injecting_cooperiteblock_to_shard
[048月2025 21:22:17.165] [Render thread/WARN] [GregTechCEu/]: Which conflicts with: gtceu:chemical_reactor/injecting_cooperitecrystal_to_shard
[048月2025 21:22:17.165] [Render thread/WARN] [GregTechCEu/]: Recipe duplicate or conflict found in GTRecipeType gtceu:chemical_reactor and was not added. See next lines for details
[048月2025 21:22:17.165] [Render thread/WARN] [GregTechCEu/]: Attempted to add GTRecipe: gtceu:chemical_reactor/injecting_naquadahblock_to_shard
[048月2025 21:22:17.165] [Render thread/WARN] [GregTechCEu/]: Which conflicts with: gtceu:chemical_reactor/injecting_naquadahcrystal_to_shard
[048月2025 21:22:17.165] [Render thread/WARN] [GregTechCEu/]: Recipe duplicate or conflict found in GTRecipeType gtceu:chemical_reactor and was not added. See next lines for details
[048月2025 21:22:17.165] [Render thread/WARN] [GregTechCEu/]: Attempted to add GTRecipe: gtceu:chemical_reactor/injecting_cobaltitecrystal_to_shard
[048月2025 21:22:17.165] [Render thread/WARN] [GregTechCEu/]: Which conflicts with: gtceu:chemical_reactor/injecting_cobaltiteblock_to_shard
[048月2025 21:22:17.165] [Render thread/WARN] [GregTechCEu/]: Recipe duplicate or conflict found in GTRecipeType gtceu:chemical_reactor and was not added. See next lines for details
[048月2025 21:22:17.165] [Render thread/WARN] [GregTechCEu/]: Attempted to add GTRecipe: gtceu:chemical_reactor/injecting_talcblock_to_shard
[048月2025 21:22:17.165] [Render thread/WARN] [GregTechCEu/]: Which conflicts with: gtceu:chemical_reactor/injecting_talccrystal_to_shard
[048月2025 21:22:17.165] [Render thread/WARN] [GregTechCEu/]: Recipe duplicate or conflict found in GTRecipeType gtceu:chemical_reactor and was not added. See next lines for details
[048月2025 21:22:17.165] [Render thread/WARN] [GregTechCEu/]: Attempted to add GTRecipe: gtceu:chemical_reactor/injecting_sodaliteblock_to_shard
[048月2025 21:22:17.165] [Render thread/WARN] [GregTechCEu/]: Which conflicts with: gtceu:chemical_reactor/injecting_sodalitecrystal_to_shard
[048月2025 21:22:17.165] [Render thread/WARN] [GregTechCEu/]: Recipe duplicate or conflict found in GTRecipeType gtceu:chemical_reactor and was not added. See next lines for details
[048月2025 21:22:17.165] [Render thread/WARN] [GregTechCEu/]: Attempted to add GTRecipe: gtceu:chemical_reactor/injecting_ilmenitecrystal_to_shard
[048月2025 21:22:17.165] [Render thread/WARN] [GregTechCEu/]: Which conflicts with: gtceu:chemical_reactor/injecting_ilmeniteblock_to_shard
[048月2025 21:22:17.173] [Render thread/WARN] [GregTechCEu/]: Recipe duplicate or conflict found in GTRecipeType gtceu:cutter and was not added. See next lines for details
[048月2025 21:22:17.173] [Render thread/WARN] [GregTechCEu/]: Attempted to add GTRecipe: gtceu:cutter/cut_stoneslab_into_button_distilled_water
[048月2025 21:22:17.173] [Render thread/WARN] [GregTechCEu/]: Which conflicts with: gtceu:cutter/stone_pressure_plate_distilled_water
[048月2025 21:22:17.174] [Render thread/WARN] [GregTechCEu/]: Recipe duplicate or conflict found in GTRecipeType gtceu:cutter and was not added. See next lines for details
[048月2025 21:22:17.174] [Render thread/WARN] [GregTechCEu/]: Attempted to add GTRecipe: gtceu:cutter/stone_pressure_plate_water
[048月2025 21:22:17.174] [Render thread/WARN] [GregTechCEu/]: Which conflicts with: gtceu:cutter/cut_stoneslab_into_button_water
[048月2025 21:22:17.178] [Render thread/WARN] [GregTechCEu/]: Recipe duplicate or conflict found in GTRecipeType gtceu:cutter and was not added. See next lines for details
[048月2025 21:22:17.178] [Render thread/WARN] [GregTechCEu/]: Attempted to add GTRecipe: gtceu:cutter/stone_pressure_plate
[048月2025 21:22:17.178] [Render thread/WARN] [GregTechCEu/]: Which conflicts with: gtceu:cutter/cut_stoneslab_into_button
[048月2025 21:22:17.187] [Render thread/WARN] [GregTechCEu/]: Recipe duplicate or conflict found in GTRecipeType gtceu:extractor and was not added. See next lines for details
[048月2025 21:22:17.187] [Render thread/WARN] [GregTechCEu/]: Attempted to add GTRecipe: gtceu:extractor/quartzite_extraction
[048月2025 21:22:17.187] [Render thread/WARN] [GregTechCEu/]: Which conflicts with: gtceu:extractor/extract_quartzite_dust
[048月2025 21:22:17.193] [Render thread/WARN] [GregTechCEu/]: Recipe duplicate or conflict found in GTRecipeType gtceu:extractor and was not added. See next lines for details
[048月2025 21:22:17.193] [Render thread/WARN] [GregTechCEu/]: Attempted to add GTRecipe: gtceu:extractor/extract_monazite_dust
[048月2025 21:22:17.193] [Render thread/WARN] [GregTechCEu/]: Which conflicts with: gtceu:extractor/monazite_extraction
[048月2025 21:22:17.237] [Render thread/WARN] [GregTechCEu/]: Recipe duplicate or conflict found in GTRecipeType gtceu:large_chemical_reactor and was not added. See next lines for details
[048月2025 21:22:17.237] [Render thread/WARN] [GregTechCEu/]: Attempted to add GTRecipe: gtceu:large_chemical_reactor/injecting_cassiteritecrystal_to_shard
[048月2025 21:22:17.237] [Render thread/WARN] [GregTechCEu/]: Which conflicts with: gtceu:large_chemical_reactor/injecting_cassiteriteblock_to_shard
[048月2025 21:22:17.237] [Render thread/WARN] [GregTechCEu/]: Recipe duplicate or conflict found in GTRecipeType gtceu:large_chemical_reactor and was not added. See next lines for details
[048月2025 21:22:17.237] [Render thread/WARN] [GregTechCEu/]: Attempted to add GTRecipe: gtceu:large_chemical_reactor/injecting_powellitecrystal_to_shard
[048月2025 21:22:17.237] [Render thread/WARN] [GregTechCEu/]: Which conflicts with: gtceu:large_chemical_reactor/injecting_powelliteblock_to_shard
[048月2025 21:22:17.237] [Render thread/WARN] [GregTechCEu/]: Recipe duplicate or conflict found in GTRecipeType gtceu:large_chemical_reactor and was not added. See next lines for details
[048月2025 21:22:17.237] [Render thread/WARN] [GregTechCEu/]: Attempted to add GTRecipe: gtceu:large_chemical_reactor/injecting_rock_saltcrystal_to_shard
[048月2025 21:22:17.237] [Render thread/WARN] [GregTechCEu/]: Which conflicts with: gtceu:large_chemical_reactor/injecting_rock_saltblock_to_shard
[048月2025 21:22:17.237] [Render thread/WARN] [GregTechCEu/]: Recipe duplicate or conflict found in GTRecipeType gtceu:large_chemical_reactor and was not added. See next lines for details
[048月2025 21:22:17.238] [Render thread/WARN] [GregTechCEu/]: Attempted to add GTRecipe: gtceu:large_chemical_reactor/injecting_plutoniumblock_to_shard
[048月2025 21:22:17.238] [Render thread/WARN] [GregTechCEu/]: Which conflicts with: gtceu:large_chemical_reactor/injecting_plutoniumcrystal_to_shard
[048月2025 21:22:17.238] [Render thread/WARN] [GregTechCEu/]: Recipe duplicate or conflict found in GTRecipeType gtceu:large_chemical_reactor and was not added. See next lines for details
[048月2025 21:22:17.238] [Render thread/WARN] [GregTechCEu/]: Attempted to add GTRecipe: gtceu:large_chemical_reactor/injecting_thoriumblock_to_shard
[048月2025 21:22:17.238] [Render thread/WARN] [GregTechCEu/]: Which conflicts with: gtceu:large_chemical_reactor/injecting_thoriumcrystal_to_shard
[048月2025 21:22:17.238] [Render thread/WARN] [GregTechCEu/]: Recipe duplicate or conflict found in GTRecipeType gtceu:large_chemical_reactor and was not added. See next lines for details
[048月2025 21:22:17.238] [Render thread/WARN] [GregTechCEu/]: Attempted to add GTRecipe: gtceu:large_chemical_reactor/injecting_green_sapphirecrystal_to_shard
[048月2025 21:22:17.238] [Render thread/WARN] [GregTechCEu/]: Which conflicts with: gtceu:large_chemical_reactor/injecting_green_sapphireblock_to_shard
[048月2025 21:22:17.238] [Render thread/WARN] [GregTechCEu/]: Recipe duplicate or conflict found in GTRecipeType gtceu:large_chemical_reactor and was not added. See next lines for details
[048月2025 21:22:17.238] [Render thread/WARN] [GregTechCEu/]: Attempted to add GTRecipe: gtceu:large_chemical_reactor/injecting_cobaltitecrystal_to_shard
[048月2025 21:22:17.238] [Render thread/WARN] [GregTechCEu/]: Which conflicts with: gtceu:large_chemical_reactor/injecting_cobaltiteblock_to_shard
[048月2025 21:22:17.238] [Render thread/WARN] [GregTechCEu/]: Recipe duplicate or conflict found in GTRecipeType gtceu:large_chemical_reactor and was not added. See next lines for details
[048月2025 21:22:17.238] [Render thread/WARN] [GregTechCEu/]: Attempted to add GTRecipe: gtceu:large_chemical_reactor/injecting_pyriteblock_to_shard
[048月2025 21:22:17.238] [Render thread/WARN] [GregTechCEu/]: Which conflicts with: gtceu:large_chemical_reactor/injecting_pyritecrystal_to_shard
[048月2025 21:22:17.238] [Render thread/WARN] [GregTechCEu/]: Recipe duplicate or conflict found in GTRecipeType gtceu:large_chemical_reactor and was not added. See next lines for details
[048月2025 21:22:17.238] [Render thread/WARN] [GregTechCEu/]: Attempted to add GTRecipe: gtceu:large_chemical_reactor/injecting_alunitecrystal_to_shard
[048月2025 21:22:17.238] [Render thread/WARN] [GregTechCEu/]: Which conflicts with: gtceu:large_chemical_reactor/injecting_aluniteblock_to_shard
[048月2025 21:22:17.239] [Render thread/WARN] [GregTechCEu/]: Recipe duplicate or conflict found in GTRecipeType gtceu:large_chemical_reactor and was not added. See next lines for details
[048月2025 21:22:17.239] [Render thread/WARN] [GregTechCEu/]: Attempted to add GTRecipe: gtceu:large_chemical_reactor/injecting_lepidolitecrystal_to_shard
[048月2025 21:22:17.239] [Render thread/WARN] [GregTechCEu/]: Which conflicts with: gtceu:large_chemical_reactor/injecting_lepidoliteblock_to_shard
[048月2025 21:22:17.239] [Render thread/WARN] [GregTechCEu/]: Recipe duplicate or conflict found in GTRecipeType gtceu:large_chemical_reactor and was not added. See next lines for details
[048月2025 21:22:17.239] [Render thread/WARN] [GregTechCEu/]: Attempted to add GTRecipe: gtceu:large_chemical_reactor/injecting_magnesitecrystal_to_shard
[048月2025 21:22:17.239] [Render thread/WARN] [GregTechCEu/]: Which conflicts with: gtceu:large_chemical_reactor/injecting_magnesiteblock_to_shard
[048月2025 21:22:17.239] [Render thread/WARN] [GregTechCEu/]: Recipe duplicate or conflict found in GTRecipeType gtceu:large_chemical_reactor and was not added. See next lines for details
[048月2025 21:22:17.239] [Render thread/WARN] [GregTechCEu/]: Attempted to add GTRecipe: gtceu:large_chemical_reactor/injecting_goethitecrystal_to_shard
[048月2025 21:22:17.239] [Render thread/WARN] [GregTechCEu/]: Which conflicts with: gtceu:large_chemical_reactor/injecting_goethiteblock_to_shard
[048月2025 21:22:17.239] [Render thread/WARN] [GregTechCEu/]: Recipe duplicate or conflict found in GTRecipeType gtceu:large_chemical_reactor and was not added. See next lines for details
[048月2025 21:22:17.239] [Render thread/WARN] [GregTechCEu/]: Attempted to add GTRecipe: gtceu:large_chemical_reactor/injecting_blue_topazblock_to_shard
[048月2025 21:22:17.239] [Render thread/WARN] [GregTechCEu/]: Which conflicts with: gtceu:large_chemical_reactor/injecting_blue_topazcrystal_to_shard
[048月2025 21:22:17.239] [Render thread/WARN] [GregTechCEu/]: Recipe duplicate or conflict found in GTRecipeType gtceu:large_chemical_reactor and was not added. See next lines for details
[048月2025 21:22:17.239] [Render thread/WARN] [GregTechCEu/]: Attempted to add GTRecipe: gtceu:large_chemical_reactor/injecting_pyrolusitecrystal_to_shard
[048月2025 21:22:17.239] [Render thread/WARN] [GregTechCEu/]: Which conflicts with: gtceu:large_chemical_reactor/injecting_pyrolusiteblock_to_shard
[048月2025 21:22:17.239] [Render thread/WARN] [GregTechCEu/]: Recipe duplicate or conflict found in GTRecipeType gtceu:large_chemical_reactor and was not added. See next lines for details
[048月2025 21:22:17.239] [Render thread/WARN] [GregTechCEu/]: Attempted to add GTRecipe: gtceu:large_chemical_reactor/injecting_sodalitecrystal_to_shard
[048月2025 21:22:17.239] [Render thread/WARN] [GregTechCEu/]: Which conflicts with: gtceu:large_chemical_reactor/injecting_sodaliteblock_to_shard
[048月2025 21:22:17.240] [Render thread/WARN] [GregTechCEu/]: Recipe duplicate or conflict found in GTRecipeType gtceu:large_chemical_reactor and was not added. See next lines for details
[048月2025 21:22:17.240] [Render thread/WARN] [GregTechCEu/]: Attempted to add GTRecipe: gtceu:large_chemical_reactor/injecting_topazblock_to_shard
[048月2025 21:22:17.240] [Render thread/WARN] [GregTechCEu/]: Which conflicts with: gtceu:large_chemical_reactor/injecting_topazcrystal_to_shard
[048月2025 21:22:17.240] [Render thread/WARN] [GregTechCEu/]: Recipe duplicate or conflict found in GTRecipeType gtceu:large_chemical_reactor and was not added. See next lines for details
[048月2025 21:22:17.240] [Render thread/WARN] [GregTechCEu/]: Attempted to add GTRecipe: gtceu:large_chemical_reactor/injecting_graphiteblock_to_shard
[048月2025 21:22:17.240] [Render thread/WARN] [GregTechCEu/]: Which conflicts with: gtceu:large_chemical_reactor/injecting_graphitecrystal_to_shard
[048月2025 21:22:17.240] [Render thread/WARN] [GregTechCEu/]: Recipe duplicate or conflict found in GTRecipeType gtceu:large_chemical_reactor and was not added. See next lines for details
[048月2025 21:22:17.240] [Render thread/WARN] [GregTechCEu/]: Attempted to add GTRecipe: gtceu:large_chemical_reactor/injecting_yellow_limonitecrystal_to_shard
[048月2025 21:22:17.240] [Render thread/WARN] [GregTechCEu/]: Which conflicts with: gtceu:large_chemical_reactor/injecting_yellow_limoniteblock_to_shard
[048月2025 21:22:17.240] [Render thread/WARN] [GregTechCEu/]: Recipe duplicate or conflict found in GTRecipeType gtceu:large_chemical_reactor and was not added. See next lines for details
[048月2025 21:22:17.240] [Render thread/WARN] [GregTechCEu/]: Attempted to add GTRecipe: gtceu:large_chemical_reactor/injecting_lazuriteblock_to_shard
[048月2025 21:22:17.240] [Render thread/WARN] [GregTechCEu/]: Which conflicts with: gtceu:large_chemical_reactor/injecting_lazuritecrystal_to_shard
[048月2025 21:22:17.240] [Render thread/WARN] [GregTechCEu/]: Recipe duplicate or conflict found in GTRecipeType gtceu:large_chemical_reactor and was not added. See next lines for details
[048月2025 21:22:17.240] [Render thread/WARN] [GregTechCEu/]: Attempted to add GTRecipe: gtceu:large_chemical_reactor/injecting_chalcopyritecrystal_to_shard
[048月2025 21:22:17.240] [Render thread/WARN] [GregTechCEu/]: Which conflicts with: gtceu:large_chemical_reactor/injecting_chalcopyriteblock_to_shard
[048月2025 21:22:17.240] [Render thread/WARN] [GregTechCEu/]: Recipe duplicate or conflict found in GTRecipeType gtceu:large_chemical_reactor and was not added. See next lines for details
[048月2025 21:22:17.240] [Render thread/WARN] [GregTechCEu/]: Attempted to add GTRecipe: gtceu:large_chemical_reactor/injecting_palladiumcrystal_to_shard
[048月2025 21:22:17.240] [Render thread/WARN] [GregTechCEu/]: Which conflicts with: gtceu:large_chemical_reactor/injecting_palladiumblock_to_shard
[048月2025 21:22:17.240] [Render thread/WARN] [GregTechCEu/]: Recipe duplicate or conflict found in GTRecipeType gtceu:large_chemical_reactor and was not added. See next lines for details
[048月2025 21:22:17.240] [Render thread/WARN] [GregTechCEu/]: Attempted to add GTRecipe: gtceu:large_chemical_reactor/injecting_sphaleritecrystal_to_shard
[048月2025 21:22:17.240] [Render thread/WARN] [GregTechCEu/]: Which conflicts with: gtceu:large_chemical_reactor/injecting_sphaleriteblock_to_shard
[048月2025 21:22:17.240] [Render thread/WARN] [GregTechCEu/]: Recipe duplicate or conflict found in GTRecipeType gtceu:large_chemical_reactor and was not added. See next lines for details
[048月2025 21:22:17.240] [Render thread/WARN] [GregTechCEu/]: Attempted to add GTRecipe: gtceu:large_chemical_reactor/injecting_calcitecrystal_to_shard
[048月2025 21:22:17.240] [Render thread/WARN] [GregTechCEu/]: Which conflicts with: gtceu:large_chemical_reactor/injecting_calciteblock_to_shard
[048月2025 21:22:17.240] [Render thread/WARN] [GregTechCEu/]: Recipe duplicate or conflict found in GTRecipeType gtceu:large_chemical_reactor and was not added. See next lines for details
[048月2025 21:22:17.240] [Render thread/WARN] [GregTechCEu/]: Attempted to add GTRecipe: gtceu:large_chemical_reactor/injecting_tantalitecrystal_to_shard
[048月2025 21:22:17.240] [Render thread/WARN] [GregTechCEu/]: Which conflicts with: gtceu:large_chemical_reactor/injecting_tantaliteblock_to_shard
[048月2025 21:22:17.240] [Render thread/WARN] [GregTechCEu/]: Recipe duplicate or conflict found in GTRecipeType gtceu:large_chemical_reactor and was not added. See next lines for details
[048月2025 21:22:17.241] [Render thread/WARN] [GregTechCEu/]: Attempted to add GTRecipe: gtceu:large_chemical_reactor/injecting_bastnasiteblock_to_shard
[048月2025 21:22:17.241] [Render thread/WARN] [GregTechCEu/]: Which conflicts with: gtceu:large_chemical_reactor/injecting_bastnasitecrystal_to_shard
[048月2025 21:22:17.241] [Render thread/WARN] [GregTechCEu/]: Recipe duplicate or conflict found in GTRecipeType gtceu:large_chemical_reactor and was not added. See next lines for details
[048月2025 21:22:17.241] [Render thread/WARN] [GregTechCEu/]: Attempted to add GTRecipe: gtceu:large_chemical_reactor/injecting_basaltic_mineral_sandblock_to_shard
[048月2025 21:22:17.241] [Render thread/WARN] [GregTechCEu/]: Which conflicts with: gtceu:large_chemical_reactor/injecting_basaltic_mineral_sandcrystal_to_shard
[048月2025 21:22:17.241] [Render thread/WARN] [GregTechCEu/]: Recipe duplicate or conflict found in GTRecipeType gtceu:large_chemical_reactor and was not added. See next lines for details
[048月2025 21:22:17.241] [Render thread/WARN] [GregTechCEu/]: Attempted to add GTRecipe: gtceu:large_chemical_reactor/injecting_saltblock_to_shard
[048月2025 21:22:17.241] [Render thread/WARN] [GregTechCEu/]: Which conflicts with: gtceu:large_chemical_reactor/injecting_saltcrystal_to_shard
[048月2025 21:22:17.241] [Render thread/WARN] [GregTechCEu/]: Recipe duplicate or conflict found in GTRecipeType gtceu:large_chemical_reactor and was not added. See next lines for details
[048月2025 21:22:17.241] [Render thread/WARN] [GregTechCEu/]: Attempted to add GTRecipe: gtceu:large_chemical_reactor/injecting_pollucitecrystal_to_shard
[048月2025 21:22:17.241] [Render thread/WARN] [GregTechCEu/]: Which conflicts with: gtceu:large_chemical_reactor/injecting_polluciteblock_to_shard
[048月2025 21:22:17.242] [Render thread/WARN] [GregTechCEu/]: Recipe duplicate or conflict found in GTRecipeType gtceu:large_chemical_reactor and was not added. See next lines for details
[048月2025 21:22:17.242] [Render thread/WARN] [GregTechCEu/]: Attempted to add GTRecipe: gtceu:large_chemical_reactor/injecting_cobaltcrystal_to_shard
[048月2025 21:22:17.242] [Render thread/WARN] [GregTechCEu/]: Which conflicts with: gtceu:large_chemical_reactor/injecting_cobaltblock_to_shard
[048月2025 21:22:17.242] [Render thread/WARN] [GregTechCEu/]: Recipe duplicate or conflict found in GTRecipeType gtceu:large_chemical_reactor and was not added. See next lines for details
[048月2025 21:22:17.242] [Render thread/WARN] [GregTechCEu/]: Attempted to add GTRecipe: gtceu:large_chemical_reactor/injecting_pyropeblock_to_shard
[048月2025 21:22:17.242] [Render thread/WARN] [GregTechCEu/]: Which conflicts with: gtceu:large_chemical_reactor/injecting_pyropecrystal_to_shard
[048月2025 21:22:17.242] [Render thread/WARN] [GregTechCEu/]: Recipe duplicate or conflict found in GTRecipeType gtceu:large_chemical_reactor and was not added. See next lines for details
[048月2025 21:22:17.242] [Render thread/WARN] [GregTechCEu/]: Attempted to add GTRecipe: gtceu:large_chemical_reactor/injecting_monazitecrystal_to_shard
[048月2025 21:22:17.242] [Render thread/WARN] [GregTechCEu/]: Which conflicts with: gtceu:large_chemical_reactor/injecting_monaziteblock_to_shard
[048月2025 21:22:17.242] [Render thread/WARN] [GregTechCEu/]: Recipe duplicate or conflict found in GTRecipeType gtceu:large_chemical_reactor and was not added. See next lines for details
[048月2025 21:22:17.242] [Render thread/WARN] [GregTechCEu/]: Attempted to add GTRecipe: gtceu:large_chemical_reactor/injecting_granitic_mineral_sandcrystal_to_shard
[048月2025 21:22:17.242] [Render thread/WARN] [GregTechCEu/]: Which conflicts with: gtceu:large_chemical_reactor/injecting_granitic_mineral_sandblock_to_shard
[048月2025 21:22:17.242] [Render thread/WARN] [GregTechCEu/]: Recipe duplicate or conflict found in GTRecipeType gtceu:large_chemical_reactor and was not added. See next lines for details
[048月2025 21:22:17.242] [Render thread/WARN] [GregTechCEu/]: Attempted to add GTRecipe: gtceu:large_chemical_reactor/injecting_quartzitecrystal_to_shard
[048月2025 21:22:17.242] [Render thread/WARN] [GregTechCEu/]: Which conflicts with: gtceu:large_chemical_reactor/injecting_quartziteblock_to_shard
[048月2025 21:22:17.242] [Render thread/WARN] [GregTechCEu/]: Recipe duplicate or conflict found in GTRecipeType gtceu:large_chemical_reactor and was not added. See next lines for details
[048月2025 21:22:17.242] [Render thread/WARN] [GregTechCEu/]: Attempted to add GTRecipe: gtceu:large_chemical_reactor/injecting_zeoliteblock_to_shard
[048月2025 21:22:17.242] [Render thread/WARN] [GregTechCEu/]: Which conflicts with: gtceu:large_chemical_reactor/injecting_zeolitecrystal_to_shard
[048月2025 21:22:17.242] [Render thread/WARN] [GregTechCEu/]: Recipe duplicate or conflict found in GTRecipeType gtceu:large_chemical_reactor and was not added. See next lines for details
[048月2025 21:22:17.242] [Render thread/WARN] [GregTechCEu/]: Attempted to add GTRecipe: gtceu:large_chemical_reactor/injecting_molybdenumcrystal_to_shard
[048月2025 21:22:17.243] [Render thread/WARN] [GregTechCEu/]: Which conflicts with: gtceu:large_chemical_reactor/injecting_molybdenumblock_to_shard
[048月2025 21:22:17.243] [Render thread/WARN] [GregTechCEu/]: Recipe duplicate or conflict found in GTRecipeType gtceu:large_chemical_reactor and was not added. See next lines for details
[048月2025 21:22:17.243] [Render thread/WARN] [GregTechCEu/]: Attempted to add GTRecipe: gtceu:large_chemical_reactor/injecting_bentoniteblock_to_shard
[048月2025 21:22:17.243] [Render thread/WARN] [GregTechCEu/]: Which conflicts with: gtceu:large_chemical_reactor/injecting_bentonitecrystal_to_shard
[048月2025 21:22:17.243] [Render thread/WARN] [GregTechCEu/]: Recipe duplicate or conflict found in GTRecipeType gtceu:large_chemical_reactor and was not added. See next lines for details
[048月2025 21:22:17.243] [Render thread/WARN] [GregTechCEu/]: Attempted to add GTRecipe: gtceu:large_chemical_reactor/injecting_soapstoneblock_to_shard
[048月2025 21:22:17.243] [Render thread/WARN] [GregTechCEu/]: Which conflicts with: gtceu:large_chemical_reactor/injecting_soapstonecrystal_to_shard
[048月2025 21:22:17.243] [Render thread/WARN] [GregTechCEu/]: Recipe duplicate or conflict found in GTRecipeType gtceu:large_chemical_reactor and was not added. See next lines for details
[048月2025 21:22:17.243] [Render thread/WARN] [GregTechCEu/]: Attempted to add GTRecipe: gtceu:large_chemical_reactor/injecting_chalcocitecrystal_to_shard
[048月2025 21:22:17.243] [Render thread/WARN] [GregTechCEu/]: Which conflicts with: gtceu:large_chemical_reactor/injecting_chalcociteblock_to_shard
[048月2025 21:22:17.243] [Render thread/WARN] [GregTechCEu/]: Recipe duplicate or conflict found in GTRecipeType gtceu:large_chemical_reactor and was not added. See next lines for details
[048月2025 21:22:17.243] [Render thread/WARN] [GregTechCEu/]: Attempted to add GTRecipe: gtceu:large_chemical_reactor/injecting_bornitecrystal_to_shard
[048月2025 21:22:17.243] [Render thread/WARN] [GregTechCEu/]: Which conflicts with: gtceu:large_chemical_reactor/injecting_borniteblock_to_shard
[048月2025 21:22:17.243] [Render thread/WARN] [GregTechCEu/]: Recipe duplicate or conflict found in GTRecipeType gtceu:large_chemical_reactor and was not added. See next lines for details
[048月2025 21:22:17.243] [Render thread/WARN] [GregTechCEu/]: Attempted to add GTRecipe: gtceu:large_chemical_reactor/injecting_grossularcrystal_to_shard
[048月2025 21:22:17.243] [Render thread/WARN] [GregTechCEu/]: Which conflicts with: gtceu:large_chemical_reactor/injecting_grossularblock_to_shard
[048月2025 21:22:17.243] [Render thread/WARN] [GregTechCEu/]: Recipe duplicate or conflict found in GTRecipeType gtceu:large_chemical_reactor and was not added. See next lines for details
[048月2025 21:22:17.243] [Render thread/WARN] [GregTechCEu/]: Attempted to add GTRecipe: gtceu:large_chemical_reactor/injecting_vanadium_magnetitecrystal_to_shard
[048月2025 21:22:17.243] [Render thread/WARN] [GregTechCEu/]: Which conflicts with: gtceu:large_chemical_reactor/injecting_vanadium_magnetiteblock_to_shard
[048月2025 21:22:17.243] [Render thread/WARN] [GregTechCEu/]: Recipe duplicate or conflict found in GTRecipeType gtceu:large_chemical_reactor and was not added. See next lines for details
[048月2025 21:22:17.243] [Render thread/WARN] [GregTechCEu/]: Attempted to add GTRecipe: gtceu:large_chemical_reactor/injecting_ilmenitecrystal_to_shard
[048月2025 21:22:17.243] [Render thread/WARN] [GregTechCEu/]: Which conflicts with: gtceu:large_chemical_reactor/injecting_ilmeniteblock_to_shard
[048月2025 21:22:17.244] [Render thread/WARN] [GregTechCEu/]: Recipe duplicate or conflict found in GTRecipeType gtceu:large_chemical_reactor and was not added. See next lines for details
[048月2025 21:22:17.244] [Render thread/WARN] [GregTechCEu/]: Attempted to add GTRecipe: gtceu:large_chemical_reactor/injecting_lithiumblock_to_shard
[048月2025 21:22:17.244] [Render thread/WARN] [GregTechCEu/]: Which conflicts with: gtceu:large_chemical_reactor/injecting_lithiumcrystal_to_shard
[048月2025 21:22:17.244] [Render thread/WARN] [GregTechCEu/]: Recipe duplicate or conflict found in GTRecipeType gtceu:large_chemical_reactor and was not added. See next lines for details
[048月2025 21:22:17.244] [Render thread/WARN] [GregTechCEu/]: Attempted to add GTRecipe: gtceu:large_chemical_reactor/injecting_tinblock_to_shard
[048月2025 21:22:17.244] [Render thread/WARN] [GregTechCEu/]: Which conflicts with: gtceu:large_chemical_reactor/injecting_tincrystal_to_shard
[048月2025 21:22:17.244] [Render thread/WARN] [GregTechCEu/]: Recipe duplicate or conflict found in GTRecipeType gtceu:large_chemical_reactor and was not added. See next lines for details
[048月2025 21:22:17.244] [Render thread/WARN] [GregTechCEu/]: Attempted to add GTRecipe: gtceu:large_chemical_reactor/injecting_garnet_sandblock_to_shard
[048月2025 21:22:17.244] [Render thread/WARN] [GregTechCEu/]: Which conflicts with: gtceu:large_chemical_reactor/injecting_garnet_sandcrystal_to_shard
[048月2025 21:22:17.244] [Render thread/WARN] [GregTechCEu/]: Recipe duplicate or conflict found in GTRecipeType gtceu:large_chemical_reactor and was not added. See next lines for details
[048月2025 21:22:17.244] [Render thread/WARN] [GregTechCEu/]: Attempted to add GTRecipe: gtceu:large_chemical_reactor/injecting_neodymiumcrystal_to_shard
[048月2025 21:22:17.244] [Render thread/WARN] [GregTechCEu/]: Which conflicts with: gtceu:large_chemical_reactor/injecting_neodymiumblock_to_shard
[048月2025 21:22:17.244] [Render thread/WARN] [GregTechCEu/]: Recipe duplicate or conflict found in GTRecipeType gtceu:large_chemical_reactor and was not added. See next lines for details
[048月2025 21:22:17.244] [Render thread/WARN] [GregTechCEu/]: Attempted to add GTRecipe: gtceu:large_chemical_reactor/injecting_ironblock_to_shard
[048月2025 21:22:17.244] [Render thread/WARN] [GregTechCEu/]: Which conflicts with: gtceu:large_chemical_reactor/injecting_ironcrystal_to_shard
[048月2025 21:22:17.245] [Render thread/WARN] [GregTechCEu/]: Recipe duplicate or conflict found in GTRecipeType gtceu:large_chemical_reactor and was not added. See next lines for details
[048月2025 21:22:17.245] [Render thread/WARN] [GregTechCEu/]: Attempted to add GTRecipe: gtceu:large_chemical_reactor/injecting_certus_quartzcrystal_to_shard
[048月2025 21:22:17.245] [Render thread/WARN] [GregTechCEu/]: Which conflicts with: gtceu:large_chemical_reactor/injecting_certus_quartzblock_to_shard
[048月2025 21:22:17.245] [Render thread/WARN] [GregTechCEu/]: Recipe duplicate or conflict found in GTRecipeType gtceu:large_chemical_reactor and was not added. See next lines for details
[048月2025 21:22:17.245] [Render thread/WARN] [GregTechCEu/]: Attempted to add GTRecipe: gtceu:large_chemical_reactor/injecting_nether_quartzcrystal_to_shard
[048月2025 21:22:17.245] [Render thread/WARN] [GregTechCEu/]: Which conflicts with: gtceu:large_chemical_reactor/injecting_nether_quartzblock_to_shard
[048月2025 21:22:17.245] [Render thread/WARN] [GregTechCEu/]: Recipe duplicate or conflict found in GTRecipeType gtceu:large_chemical_reactor and was not added. See next lines for details
[048月2025 21:22:17.245] [Render thread/WARN] [GregTechCEu/]: Attempted to add GTRecipe: gtceu:large_chemical_reactor/injecting_tronablock_to_shard
[048月2025 21:22:17.245] [Render thread/WARN] [GregTechCEu/]: Which conflicts with: gtceu:large_chemical_reactor/injecting_tronacrystal_to_shard
[048月2025 21:22:17.245] [Render thread/WARN] [GregTechCEu/]: Recipe duplicate or conflict found in GTRecipeType gtceu:large_chemical_reactor and was not added. See next lines for details
[048月2025 21:22:17.245] [Render thread/WARN] [GregTechCEu/]: Attempted to add GTRecipe: gtceu:large_chemical_reactor/injecting_cinnabarcrystal_to_shard
[048月2025 21:22:17.245] [Render thread/WARN] [GregTechCEu/]: Which conflicts with: gtceu:large_chemical_reactor/injecting_cinnabarblock_to_shard
[048月2025 21:22:17.245] [Render thread/WARN] [GregTechCEu/]: Recipe duplicate or conflict found in GTRecipeType gtceu:large_chemical_reactor and was not added. See next lines for details
[048月2025 21:22:17.245] [Render thread/WARN] [GregTechCEu/]: Attempted to add GTRecipe: gtceu:large_chemical_reactor/injecting_cooperiteblock_to_shard
[048月2025 21:22:17.245] [Render thread/WARN] [GregTechCEu/]: Which conflicts with: gtceu:large_chemical_reactor/injecting_cooperitecrystal_to_shard
[048月2025 21:22:17.245] [Render thread/WARN] [GregTechCEu/]: Recipe duplicate or conflict found in GTRecipeType gtceu:large_chemical_reactor and was not added. See next lines for details
[048月2025 21:22:17.246] [Render thread/WARN] [GregTechCEu/]: Attempted to add GTRecipe: gtceu:large_chemical_reactor/injecting_nickelblock_to_shard
[048月2025 21:22:17.246] [Render thread/WARN] [GregTechCEu/]: Which conflicts with: gtceu:large_chemical_reactor/injecting_nickelcrystal_to_shard
[048月2025 21:22:17.246] [Render thread/WARN] [GregTechCEu/]: Recipe duplicate or conflict found in GTRecipeType gtceu:large_chemical_reactor and was not added. See next lines for details
[048月2025 21:22:17.246] [Render thread/WARN] [GregTechCEu/]: Attempted to add GTRecipe: gtceu:large_chemical_reactor/injecting_leadcrystal_to_shard
[048月2025 21:22:17.246] [Render thread/WARN] [GregTechCEu/]: Which conflicts with: gtceu:large_chemical_reactor/injecting_leadblock_to_shard
[048月2025 21:22:17.246] [Render thread/WARN] [GregTechCEu/]: Recipe duplicate or conflict found in GTRecipeType gtceu:large_chemical_reactor and was not added. See next lines for details
[048月2025 21:22:17.246] [Render thread/WARN] [GregTechCEu/]: Attempted to add GTRecipe: gtceu:large_chemical_reactor/injecting_pyrochloreblock_to_shard
[048月2025 21:22:17.246] [Render thread/WARN] [GregTechCEu/]: Which conflicts with: gtceu:large_chemical_reactor/injecting_pyrochlorecrystal_to_shard
[048月2025 21:22:17.246] [Render thread/WARN] [GregTechCEu/]: Recipe duplicate or conflict found in GTRecipeType gtceu:large_chemical_reactor and was not added. See next lines for details
[048月2025 21:22:17.246] [Render thread/WARN] [GregTechCEu/]: Attempted to add GTRecipe: gtceu:large_chemical_reactor/injecting_redstoneblock_to_shard
[048月2025 21:22:17.246] [Render thread/WARN] [GregTechCEu/]: Which conflicts with: gtceu:large_chemical_reactor/injecting_redstonecrystal_to_shard
[048月2025 21:22:17.246] [Render thread/WARN] [GregTechCEu/]: Recipe duplicate or conflict found in GTRecipeType gtceu:large_chemical_reactor and was not added. See next lines for details
[048月2025 21:22:17.246] [Render thread/WARN] [GregTechCEu/]: Attempted to add GTRecipe: gtceu:large_chemical_reactor/injecting_yellow_garnetblock_to_shard
[048月2025 21:22:17.246] [Render thread/WARN] [GregTechCEu/]: Which conflicts with: gtceu:large_chemical_reactor/injecting_yellow_garnetcrystal_to_shard
[048月2025 21:22:17.246] [Render thread/WARN] [GregTechCEu/]: Recipe duplicate or conflict found in GTRecipeType gtceu:large_chemical_reactor and was not added. See next lines for details
[048月2025 21:22:17.246] [Render thread/WARN] [GregTechCEu/]: Attempted to add GTRecipe: gtceu:large_chemical_reactor/injecting_asbestosblock_to_shard
[048月2025 21:22:17.246] [Render thread/WARN] [GregTechCEu/]: Which conflicts with: gtceu:large_chemical_reactor/injecting_asbestoscrystal_to_shard
[048月2025 21:22:17.247] [Render thread/WARN] [GregTechCEu/]: Recipe duplicate or conflict found in GTRecipeType gtceu:large_chemical_reactor and was not added. See next lines for details
[048月2025 21:22:17.247] [Render thread/WARN] [GregTechCEu/]: Attempted to add GTRecipe: gtceu:large_chemical_reactor/injecting_saltpeterblock_to_shard
[048月2025 21:22:17.247] [Render thread/WARN] [GregTechCEu/]: Which conflicts with: gtceu:large_chemical_reactor/injecting_saltpetercrystal_to_shard
[048月2025 21:22:17.247] [Render thread/WARN] [GregTechCEu/]: Recipe duplicate or conflict found in GTRecipeType gtceu:large_chemical_reactor and was not added. See next lines for details
[048月2025 21:22:17.247] [Render thread/WARN] [GregTechCEu/]: Attempted to add GTRecipe: gtceu:large_chemical_reactor/injecting_micablock_to_shard
[048月2025 21:22:17.247] [Render thread/WARN] [GregTechCEu/]: Which conflicts with: gtceu:large_chemical_reactor/injecting_micacrystal_to_shard
[048月2025 21:22:17.247] [Render thread/WARN] [GregTechCEu/]: Recipe duplicate or conflict found in GTRecipeType gtceu:large_chemical_reactor and was not added. See next lines for details
[048月2025 21:22:17.247] [Render thread/WARN] [GregTechCEu/]: Attempted to add GTRecipe: gtceu:large_chemical_reactor/injecting_garnieriteblock_to_shard
[048月2025 21:22:17.247] [Render thread/WARN] [GregTechCEu/]: Which conflicts with: gtceu:large_chemical_reactor/injecting_garnieritecrystal_to_shard
[048月2025 21:22:17.247] [Render thread/WARN] [GregTechCEu/]: Recipe duplicate or conflict found in GTRecipeType gtceu:large_chemical_reactor and was not added. See next lines for details
[048月2025 21:22:17.247] [Render thread/WARN] [GregTechCEu/]: Attempted to add GTRecipe: gtceu:large_chemical_reactor/injecting_coppercrystal_to_shard
[048月2025 21:22:17.247] [Render thread/WARN] [GregTechCEu/]: Which conflicts with: gtceu:large_chemical_reactor/injecting_copperblock_to_shard
[048月2025 21:22:17.247] [Render thread/WARN] [GregTechCEu/]: Recipe duplicate or conflict found in GTRecipeType gtceu:large_chemical_reactor and was not added. See next lines for details
[048月2025 21:22:17.247] [Render thread/WARN] [GregTechCEu/]: Attempted to add GTRecipe: gtceu:large_chemical_reactor/injecting_kyaniteblock_to_shard
[048月2025 21:22:17.247] [Render thread/WARN] [GregTechCEu/]: Which conflicts with: gtceu:large_chemical_reactor/injecting_kyanitecrystal_to_shard
[048月2025 21:22:17.247] [Render thread/WARN] [GregTechCEu/]: Recipe duplicate or conflict found in GTRecipeType gtceu:large_chemical_reactor and was not added. See next lines for details
[048月2025 21:22:17.247] [Render thread/WARN] [GregTechCEu/]: Attempted to add GTRecipe: gtceu:large_chemical_reactor/injecting_hematitecrystal_to_shard
[048月2025 21:22:17.247] [Render thread/WARN] [GregTechCEu/]: Which conflicts with: gtceu:large_chemical_reactor/injecting_hematiteblock_to_shard
[048月2025 21:22:17.248] [Render thread/WARN] [GregTechCEu/]: Recipe duplicate or conflict found in GTRecipeType gtceu:large_chemical_reactor and was not added. See next lines for details
[048月2025 21:22:17.248] [Render thread/WARN] [GregTechCEu/]: Attempted to add GTRecipe: gtceu:large_chemical_reactor/injecting_rubyblock_to_shard
[048月2025 21:22:17.248] [Render thread/WARN] [GregTechCEu/]: Which conflicts with: gtceu:large_chemical_reactor/injecting_rubycrystal_to_shard
[048月2025 21:22:17.248] [Render thread/WARN] [GregTechCEu/]: Recipe duplicate or conflict found in GTRecipeType gtceu:large_chemical_reactor and was not added. See next lines for details
[048月2025 21:22:17.248] [Render thread/WARN] [GregTechCEu/]: Attempted to add GTRecipe: gtceu:large_chemical_reactor/injecting_almandineblock_to_shard
[048月2025 21:22:17.248] [Render thread/WARN] [GregTechCEu/]: Which conflicts with: gtceu:large_chemical_reactor/injecting_almandinecrystal_to_shard
[048月2025 21:22:17.248] [Render thread/WARN] [GregTechCEu/]: Recipe duplicate or conflict found in GTRecipeType gtceu:large_chemical_reactor and was not added. See next lines for details
[048月2025 21:22:17.248] [Render thread/WARN] [GregTechCEu/]: Attempted to add GTRecipe: gtceu:large_chemical_reactor/injecting_amethystblock_to_shard
[048月2025 21:22:17.248] [Render thread/WARN] [GregTechCEu/]: Which conflicts with: gtceu:large_chemical_reactor/injecting_amethystcrystal_to_shard
[048月2025 21:22:17.248] [Render thread/WARN] [GregTechCEu/]: Recipe duplicate or conflict found in GTRecipeType gtceu:large_chemical_reactor and was not added. See next lines for details
[048月2025 21:22:17.248] [Render thread/WARN] [GregTechCEu/]: Attempted to add GTRecipe: gtceu:large_chemical_reactor/injecting_aluminiumcrystal_to_shard
[048月2025 21:22:17.248] [Render thread/WARN] [GregTechCEu/]: Which conflicts with: gtceu:large_chemical_reactor/injecting_aluminiumblock_to_shard
[048月2025 21:22:17.248] [Render thread/WARN] [GregTechCEu/]: Recipe duplicate or conflict found in GTRecipeType gtceu:large_chemical_reactor and was not added. See next lines for details
[048月2025 21:22:17.248] [Render thread/WARN] [GregTechCEu/]: Attempted to add GTRecipe: gtceu:large_chemical_reactor/injecting_electrotinecrystal_to_shard
[048月2025 21:22:17.248] [Render thread/WARN] [GregTechCEu/]: Which conflicts with: gtceu:large_chemical_reactor/injecting_electrotineblock_to_shard
[048月2025 21:22:17.248] [Render thread/WARN] [GregTechCEu/]: Recipe duplicate or conflict found in GTRecipeType gtceu:large_chemical_reactor and was not added. See next lines for details
[048月2025 21:22:17.248] [Render thread/WARN] [GregTechCEu/]: Attempted to add GTRecipe: gtceu:large_chemical_reactor/injecting_naquadahcrystal_to_shard
[048月2025 21:22:17.248] [Render thread/WARN] [GregTechCEu/]: Which conflicts with: gtceu:large_chemical_reactor/injecting_naquadahblock_to_shard
[048月2025 21:22:17.248] [Render thread/WARN] [GregTechCEu/]: Recipe duplicate or conflict found in GTRecipeType gtceu:large_chemical_reactor and was not added. See next lines for details
[048月2025 21:22:17.248] [Render thread/WARN] [GregTechCEu/]: Attempted to add GTRecipe: gtceu:large_chemical_reactor/injecting_oilsandsblock_to_shard
[048月2025 21:22:17.248] [Render thread/WARN] [GregTechCEu/]: Which conflicts with: gtceu:large_chemical_reactor/injecting_oilsandscrystal_to_shard
[048月2025 21:22:17.248] [Render thread/WARN] [GregTechCEu/]: Recipe duplicate or conflict found in GTRecipeType gtceu:large_chemical_reactor and was not added. See next lines for details
[048月2025 21:22:17.248] [Render thread/WARN] [GregTechCEu/]: Attempted to add GTRecipe: gtceu:large_chemical_reactor/injecting_platinumblock_to_shard
[048月2025 21:22:17.248] [Render thread/WARN] [GregTechCEu/]: Which conflicts with: gtceu:large_chemical_reactor/injecting_platinumcrystal_to_shard
[048月2025 21:22:17.249] [Render thread/WARN] [GregTechCEu/]: Recipe duplicate or conflict found in GTRecipeType gtceu:large_chemical_reactor and was not added. See next lines for details
[048月2025 21:22:17.249] [Render thread/WARN] [GregTechCEu/]: Attempted to add GTRecipe: gtceu:large_chemical_reactor/injecting_tungstateblock_to_shard
[048月2025 21:22:17.249] [Render thread/WARN] [GregTechCEu/]: Which conflicts with: gtceu:large_chemical_reactor/injecting_tungstatecrystal_to_shard
[048月2025 21:22:17.249] [Render thread/WARN] [GregTechCEu/]: Recipe duplicate or conflict found in GTRecipeType gtceu:large_chemical_reactor and was not added. See next lines for details
[048月2025 21:22:17.249] [Render thread/WARN] [GregTechCEu/]: Attempted to add GTRecipe: gtceu:large_chemical_reactor/injecting_bauxiteblock_to_shard
[048月2025 21:22:17.249] [Render thread/WARN] [GregTechCEu/]: Which conflicts with: gtceu:large_chemical_reactor/injecting_bauxitecrystal_to_shard
[048月2025 21:22:17.249] [Render thread/WARN] [GregTechCEu/]: Recipe duplicate or conflict found in GTRecipeType gtceu:large_chemical_reactor and was not added. See next lines for details
[048月2025 21:22:17.249] [Render thread/WARN] [GregTechCEu/]: Attempted to add GTRecipe: gtceu:large_chemical_reactor/injecting_stibnitecrystal_to_shard
[048月2025 21:22:17.249] [Render thread/WARN] [GregTechCEu/]: Which conflicts with: gtceu:large_chemical_reactor/injecting_stibniteblock_to_shard
[048月2025 21:22:17.249] [Render thread/WARN] [GregTechCEu/]: Recipe duplicate or conflict found in GTRecipeType gtceu:large_chemical_reactor and was not added. See next lines for details
[048月2025 21:22:17.249] [Render thread/WARN] [GregTechCEu/]: Attempted to add GTRecipe: gtceu:large_chemical_reactor/injecting_silvercrystal_to_shard
[048月2025 21:22:17.249] [Render thread/WARN] [GregTechCEu/]: Which conflicts with: gtceu:large_chemical_reactor/injecting_silverblock_to_shard
[048月2025 21:22:17.249] [Render thread/WARN] [GregTechCEu/]: Recipe duplicate or conflict found in GTRecipeType gtceu:large_chemical_reactor and was not added. See next lines for details
[048月2025 21:22:17.249] [Render thread/WARN] [GregTechCEu/]: Attempted to add GTRecipe: gtceu:large_chemical_reactor/injecting_scheeliteblock_to_shard
[048月2025 21:22:17.249] [Render thread/WARN] [GregTechCEu/]: Which conflicts with: gtceu:large_chemical_reactor/injecting_scheelitecrystal_to_shard
[048月2025 21:22:17.249] [Render thread/WARN] [GregTechCEu/]: Recipe duplicate or conflict found in GTRecipeType gtceu:large_chemical_reactor and was not added. See next lines for details
[048月2025 21:22:17.249] [Render thread/WARN] [GregTechCEu/]: Attempted to add GTRecipe: gtceu:large_chemical_reactor/injecting_spodumeneblock_to_shard
[048月2025 21:22:17.249] [Render thread/WARN] [GregTechCEu/]: Which conflicts with: gtceu:large_chemical_reactor/injecting_spodumenecrystal_to_shard
[048月2025 21:22:17.249] [Render thread/WARN] [GregTechCEu/]: Recipe duplicate or conflict found in GTRecipeType gtceu:large_chemical_reactor and was not added. See next lines for details
[048月2025 21:22:17.250] [Render thread/WARN] [GregTechCEu/]: Attempted to add GTRecipe: gtceu:large_chemical_reactor/injecting_lapiscrystal_to_shard
[048月2025 21:22:17.250] [Render thread/WARN] [GregTechCEu/]: Which conflicts with: gtceu:large_chemical_reactor/injecting_lapisblock_to_shard
[048月2025 21:22:17.250] [Render thread/WARN] [GregTechCEu/]: Recipe duplicate or conflict found in GTRecipeType gtceu:large_chemical_reactor and was not added. See next lines for details
[048月2025 21:22:17.250] [Render thread/WARN] [GregTechCEu/]: Attempted to add GTRecipe: gtceu:large_chemical_reactor/injecting_sulfurblock_to_shard
[048月2025 21:22:17.250] [Render thread/WARN] [GregTechCEu/]: Which conflicts with: gtceu:large_chemical_reactor/injecting_sulfurcrystal_to_shard
[048月2025 21:22:17.250] [Render thread/WARN] [GregTechCEu/]: Recipe duplicate or conflict found in GTRecipeType gtceu:large_chemical_reactor and was not added. See next lines for details
[048月2025 21:22:17.250] [Render thread/WARN] [GregTechCEu/]: Attempted to add GTRecipe: gtceu:large_chemical_reactor/injecting_sapphirecrystal_to_shard
[048月2025 21:22:17.250] [Render thread/WARN] [GregTechCEu/]: Which conflicts with: gtceu:large_chemical_reactor/injecting_sapphireblock_to_shard
[048月2025 21:22:17.250] [Render thread/WARN] [GregTechCEu/]: Recipe duplicate or conflict found in GTRecipeType gtceu:large_chemical_reactor and was not added. See next lines for details
[048月2025 21:22:17.250] [Render thread/WARN] [GregTechCEu/]: Attempted to add GTRecipe: gtceu:large_chemical_reactor/injecting_talcblock_to_shard
[048月2025 21:22:17.250] [Render thread/WARN] [GregTechCEu/]: Which conflicts with: gtceu:large_chemical_reactor/injecting_talccrystal_to_shard
[048月2025 21:22:17.250] [Render thread/WARN] [GregTechCEu/]: Recipe duplicate or conflict found in GTRecipeType gtceu:large_chemical_reactor and was not added. See next lines for details
[048月2025 21:22:17.250] [Render thread/WARN] [GregTechCEu/]: Attempted to add GTRecipe: gtceu:large_chemical_reactor/injecting_pitchblendeblock_to_shard
[048月2025 21:22:17.250] [Render thread/WARN] [GregTechCEu/]: Which conflicts with: gtceu:large_chemical_reactor/injecting_pitchblendecrystal_to_shard
[048月2025 21:22:17.250] [Render thread/WARN] [GregTechCEu/]: Recipe duplicate or conflict found in GTRecipeType gtceu:large_chemical_reactor and was not added. See next lines for details
[048月2025 21:22:17.250] [Render thread/WARN] [GregTechCEu/]: Attempted to add GTRecipe: gtceu:large_chemical_reactor/injecting_diatomitecrystal_to_shard
[048月2025 21:22:17.250] [Render thread/WARN] [GregTechCEu/]: Which conflicts with: gtceu:large_chemical_reactor/injecting_diatomiteblock_to_shard
[048月2025 21:22:17.250] [Render thread/WARN] [GregTechCEu/]: Recipe duplicate or conflict found in GTRecipeType gtceu:large_chemical_reactor and was not added. See next lines for details
[048月2025 21:22:17.250] [Render thread/WARN] [GregTechCEu/]: Attempted to add GTRecipe: gtceu:large_chemical_reactor/injecting_cassiterite_sandblock_to_shard
[048月2025 21:22:17.250] [Render thread/WARN] [GregTechCEu/]: Which conflicts with: gtceu:large_chemical_reactor/injecting_cassiterite_sandcrystal_to_shard
[048月2025 21:22:17.250] [Render thread/WARN] [GregTechCEu/]: Recipe duplicate or conflict found in GTRecipeType gtceu:large_chemical_reactor and was not added. See next lines for details
[048月2025 21:22:17.252] [Render thread/WARN] [GregTechCEu/]: Attempted to add GTRecipe: gtceu:large_chemical_reactor/injecting_fullers_earthblock_to_shard
[048月2025 21:22:17.252] [Render thread/WARN] [GregTechCEu/]: Which conflicts with: gtceu:large_chemical_reactor/injecting_fullers_earthcrystal_to_shard
[048月2025 21:22:17.252] [Render thread/WARN] [GregTechCEu/]: Recipe duplicate or conflict found in GTRecipeType gtceu:large_chemical_reactor and was not added. See next lines for details
[048月2025 21:22:17.252] [Render thread/WARN] [GregTechCEu/]: Attempted to add GTRecipe: gtceu:large_chemical_reactor/injecting_malachiteblock_to_shard
[048月2025 21:22:17.252] [Render thread/WARN] [GregTechCEu/]: Which conflicts with: gtceu:large_chemical_reactor/injecting_malachitecrystal_to_shard
[048月2025 21:22:17.252] [Render thread/WARN] [GregTechCEu/]: Recipe duplicate or conflict found in GTRecipeType gtceu:large_chemical_reactor and was not added. See next lines for details
[048月2025 21:22:17.252] [Render thread/WARN] [GregTechCEu/]: Attempted to add GTRecipe: gtceu:large_chemical_reactor/injecting_uraninitecrystal_to_shard
[048月2025 21:22:17.252] [Render thread/WARN] [GregTechCEu/]: Which conflicts with: gtceu:large_chemical_reactor/injecting_uraniniteblock_to_shard
[048月2025 21:22:17.252] [Render thread/WARN] [GregTechCEu/]: Recipe duplicate or conflict found in GTRecipeType gtceu:large_chemical_reactor and was not added. See next lines for details
[048月2025 21:22:17.252] [Render thread/WARN] [GregTechCEu/]: Attempted to add GTRecipe: gtceu:large_chemical_reactor/injecting_gypsumcrystal_to_shard
[048月2025 21:22:17.252] [Render thread/WARN] [GregTechCEu/]: Which conflicts with: gtceu:large_chemical_reactor/injecting_gypsumblock_to_shard
[048月2025 21:22:17.252] [Render thread/WARN] [GregTechCEu/]: Recipe duplicate or conflict found in GTRecipeType gtceu:large_chemical_reactor and was not added. See next lines for details
[048月2025 21:22:17.252] [Render thread/WARN] [GregTechCEu/]: Attempted to add GTRecipe: gtceu:large_chemical_reactor/injecting_red_garnetblock_to_shard
[048月2025 21:22:17.252] [Render thread/WARN] [GregTechCEu/]: Which conflicts with: gtceu:large_chemical_reactor/injecting_red_garnetcrystal_to_shard
[048月2025 21:22:17.252] [Render thread/WARN] [GregTechCEu/]: Recipe duplicate or conflict found in GTRecipeType gtceu:large_chemical_reactor and was not added. See next lines for details
[048月2025 21:22:17.252] [Render thread/WARN] [GregTechCEu/]: Attempted to add GTRecipe: gtceu:large_chemical_reactor/injecting_olivinecrystal_to_shard
[048月2025 21:22:17.252] [Render thread/WARN] [GregTechCEu/]: Which conflicts with: gtceu:large_chemical_reactor/injecting_olivineblock_to_shard
[048月2025 21:22:17.252] [Render thread/WARN] [GregTechCEu/]: Recipe duplicate or conflict found in GTRecipeType gtceu:large_chemical_reactor and was not added. See next lines for details
[048月2025 21:22:17.252] [Render thread/WARN] [GregTechCEu/]: Attempted to add GTRecipe: gtceu:large_chemical_reactor/injecting_baritecrystal_to_shard
[048月2025 21:22:17.253] [Render thread/WARN] [GregTechCEu/]: Which conflicts with: gtceu:large_chemical_reactor/injecting_bariteblock_to_shard
[048月2025 21:22:17.253] [Render thread/WARN] [GregTechCEu/]: Recipe duplicate or conflict found in GTRecipeType gtceu:large_chemical_reactor and was not added. See next lines for details
[048月2025 21:22:17.253] [Render thread/WARN] [GregTechCEu/]: Attempted to add GTRecipe: gtceu:large_chemical_reactor/injecting_galenablock_to_shard
[048月2025 21:22:17.253] [Render thread/WARN] [GregTechCEu/]: Which conflicts with: gtceu:large_chemical_reactor/injecting_galenacrystal_to_shard
[048月2025 21:22:17.253] [Render thread/WARN] [GregTechCEu/]: Recipe duplicate or conflict found in GTRecipeType gtceu:large_chemical_reactor and was not added. See next lines for details
[048月2025 21:22:17.253] [Render thread/WARN] [GregTechCEu/]: Attempted to add GTRecipe: gtceu:large_chemical_reactor/injecting_glauconite_sandcrystal_to_shard
[048月2025 21:22:17.253] [Render thread/WARN] [GregTechCEu/]: Which conflicts with: gtceu:large_chemical_reactor/injecting_glauconite_sandblock_to_shard
[048月2025 21:22:17.253] [Render thread/WARN] [GregTechCEu/]: Recipe duplicate or conflict found in GTRecipeType gtceu:large_chemical_reactor and was not added. See next lines for details
[048月2025 21:22:17.253] [Render thread/WARN] [GregTechCEu/]: Attempted to add GTRecipe: gtceu:large_chemical_reactor/injecting_coalcrystal_to_shard
[048月2025 21:22:17.253] [Render thread/WARN] [GregTechCEu/]: Which conflicts with: gtceu:large_chemical_reactor/injecting_coalblock_to_shard
[048月2025 21:22:17.253] [Render thread/WARN] [GregTechCEu/]: Recipe duplicate or conflict found in GTRecipeType gtceu:large_chemical_reactor and was not added. See next lines for details
[048月2025 21:22:17.253] [Render thread/WARN] [GregTechCEu/]: Attempted to add GTRecipe: gtceu:large_chemical_reactor/injecting_spessartinecrystal_to_shard
[048月2025 21:22:17.253] [Render thread/WARN] [GregTechCEu/]: Which conflicts with: gtceu:large_chemical_reactor/injecting_spessartineblock_to_shard
[048月2025 21:22:17.253] [Render thread/WARN] [GregTechCEu/]: Recipe duplicate or conflict found in GTRecipeType gtceu:large_chemical_reactor and was not added. See next lines for details
[048月2025 21:22:17.253] [Render thread/WARN] [GregTechCEu/]: Attempted to add GTRecipe: gtceu:large_chemical_reactor/injecting_emeraldblock_to_shard
[048月2025 21:22:17.253] [Render thread/WARN] [GregTechCEu/]: Which conflicts with: gtceu:large_chemical_reactor/injecting_emeraldcrystal_to_shard
[048月2025 21:22:17.253] [Render thread/WARN] [GregTechCEu/]: Recipe duplicate or conflict found in GTRecipeType gtceu:large_chemical_reactor and was not added. See next lines for details
[048月2025 21:22:17.253] [Render thread/WARN] [GregTechCEu/]: Attempted to add GTRecipe: gtceu:large_chemical_reactor/injecting_wulfenitecrystal_to_shard
[048月2025 21:22:17.253] [Render thread/WARN] [GregTechCEu/]: Which conflicts with: gtceu:large_chemical_reactor/injecting_wulfeniteblock_to_shard
[048月2025 21:22:17.253] [Render thread/WARN] [GregTechCEu/]: Recipe duplicate or conflict found in GTRecipeType gtceu:large_chemical_reactor and was not added. See next lines for details
[048月2025 21:22:17.253] [Render thread/WARN] [GregTechCEu/]: Attempted to add GTRecipe: gtceu:large_chemical_reactor/injecting_realgarcrystal_to_shard
[048月2025 21:22:17.254] [Render thread/WARN] [GregTechCEu/]: Which conflicts with: gtceu:large_chemical_reactor/injecting_realgarblock_to_shard
[048月2025 21:22:17.254] [Render thread/WARN] [GregTechCEu/]: Recipe duplicate or conflict found in GTRecipeType gtceu:large_chemical_reactor and was not added. See next lines for details
[048月2025 21:22:17.254] [Render thread/WARN] [GregTechCEu/]: Attempted to add GTRecipe: gtceu:large_chemical_reactor/injecting_tricalcium_phosphateblock_to_shard
[048月2025 21:22:17.254] [Render thread/WARN] [GregTechCEu/]: Which conflicts with: gtceu:large_chemical_reactor/injecting_tricalcium_phosphatecrystal_to_shard
[048月2025 21:22:17.254] [Render thread/WARN] [GregTechCEu/]: Recipe duplicate or conflict found in GTRecipeType gtceu:large_chemical_reactor and was not added. See next lines for details
[048月2025 21:22:17.254] [Render thread/WARN] [GregTechCEu/]: Attempted to add GTRecipe: gtceu:large_chemical_reactor/injecting_apatitecrystal_to_shard
[048月2025 21:22:17.254] [Render thread/WARN] [GregTechCEu/]: Which conflicts with: gtceu:large_chemical_reactor/injecting_apatiteblock_to_shard
[048月2025 21:22:17.254] [Render thread/WARN] [GregTechCEu/]: Recipe duplicate or conflict found in GTRecipeType gtceu:large_chemical_reactor and was not added. See next lines for details
[048月2025 21:22:17.254] [Render thread/WARN] [GregTechCEu/]: Attempted to add GTRecipe: gtceu:large_chemical_reactor/injecting_magnetitecrystal_to_shard
[048月2025 21:22:17.254] [Render thread/WARN] [GregTechCEu/]: Which conflicts with: gtceu:large_chemical_reactor/injecting_magnetiteblock_to_shard
[048月2025 21:22:17.254] [Render thread/WARN] [GregTechCEu/]: Recipe duplicate or conflict found in GTRecipeType gtceu:large_chemical_reactor and was not added. See next lines for details
[048月2025 21:22:17.254] [Render thread/WARN] [GregTechCEu/]: Attempted to add GTRecipe: gtceu:large_chemical_reactor/injecting_opalcrystal_to_shard
[048月2025 21:22:17.254] [Render thread/WARN] [GregTechCEu/]: Which conflicts with: gtceu:large_chemical_reactor/injecting_opalblock_to_shard
[048月2025 21:22:17.254] [Render thread/WARN] [GregTechCEu/]: Recipe duplicate or conflict found in GTRecipeType gtceu:large_chemical_reactor and was not added. See next lines for details
[048月2025 21:22:17.254] [Render thread/WARN] [GregTechCEu/]: Attempted to add GTRecipe: gtceu:large_chemical_reactor/injecting_diamondblock_to_shard
[048月2025 21:22:17.254] [Render thread/WARN] [GregTechCEu/]: Which conflicts with: gtceu:large_chemical_reactor/injecting_diamondcrystal_to_shard
[048月2025 21:22:17.254] [Render thread/WARN] [GregTechCEu/]: Recipe duplicate or conflict found in GTRecipeType gtceu:large_chemical_reactor and was not added. See next lines for details
[048月2025 21:22:17.254] [Render thread/WARN] [GregTechCEu/]: Attempted to add GTRecipe: gtceu:large_chemical_reactor/injecting_pentlanditeblock_to_shard
[048月2025 21:22:17.254] [Render thread/WARN] [GregTechCEu/]: Which conflicts with: gtceu:large_chemical_reactor/injecting_pentlanditecrystal_to_shard
[048月2025 21:22:17.254] [Render thread/WARN] [GregTechCEu/]: Recipe duplicate or conflict found in GTRecipeType gtceu:large_chemical_reactor and was not added. See next lines for details
[048月2025 21:22:17.254] [Render thread/WARN] [GregTechCEu/]: Attempted to add GTRecipe: gtceu:large_chemical_reactor/injecting_goldblock_to_shard
[048月2025 21:22:17.255] [Render thread/WARN] [GregTechCEu/]: Which conflicts with: gtceu:large_chemical_reactor/injecting_goldcrystal_to_shard
[048月2025 21:22:17.255] [Render thread/WARN] [GregTechCEu/]: Recipe duplicate or conflict found in GTRecipeType gtceu:large_chemical_reactor and was not added. See next lines for details
[048月2025 21:22:17.255] [Render thread/WARN] [GregTechCEu/]: Attempted to add GTRecipe: gtceu:large_chemical_reactor/injecting_molybdenitecrystal_to_shard
[048月2025 21:22:17.255] [Render thread/WARN] [GregTechCEu/]: Which conflicts with: gtceu:large_chemical_reactor/injecting_molybdeniteblock_to_shard
[048月2025 21:22:17.255] [Render thread/WARN] [GregTechCEu/]: Recipe duplicate or conflict found in GTRecipeType gtceu:large_chemical_reactor and was not added. See next lines for details
[048月2025 21:22:17.255] [Render thread/WARN] [GregTechCEu/]: Attempted to add GTRecipe: gtceu:large_chemical_reactor/injecting_tetrahedriteblock_to_shard
[048月2025 21:22:17.255] [Render thread/WARN] [GregTechCEu/]: Which conflicts with: gtceu:large_chemical_reactor/injecting_tetrahedritecrystal_to_shard
[048月2025 21:22:17.255] [Render thread/WARN] [GregTechCEu/]: Recipe duplicate or conflict found in GTRecipeType gtceu:large_chemical_reactor and was not added. See next lines for details
[048月2025 21:22:17.255] [Render thread/WARN] [GregTechCEu/]: Attempted to add GTRecipe: gtceu:large_chemical_reactor/injecting_chromiteblock_to_shard
[048月2025 21:22:17.255] [Render thread/WARN] [GregTechCEu/]: Which conflicts with: gtceu:large_chemical_reactor/injecting_chromitecrystal_to_shard
[048月2025 21:22:17.255] [Render thread/WARN] [GregTechCEu/]: Recipe duplicate or conflict found in GTRecipeType gtceu:large_chemical_reactor and was not added. See next lines for details
[048月2025 21:22:17.255] [Render thread/WARN] [GregTechCEu/]: Attempted to add GTRecipe: gtceu:large_chemical_reactor/injecting_berylliumcrystal_to_shard
[048月2025 21:22:17.255] [Render thread/WARN] [GregTechCEu/]: Which conflicts with: gtceu:large_chemical_reactor/injecting_berylliumblock_to_shard
[048月2025 21:22:17.350] [Render thread/INFO] [net.minecraft.advancements.AdvancementList/]: Loaded 1364 advancements
[048月2025 21:22:18.054] [Server thread/INFO] [net.minecraft.client.server.IntegratedServer/]: Starting integrated minecraft server version 1.20.1
[048月2025 21:22:18.054] [Server thread/INFO] [net.minecraft.server.MinecraftServer/]: Generating keypair
[048月2025 21:22:18.939] [Server thread/INFO] [net.minecraft.server.MinecraftServer/]: Preparing start region for dimension minecraft:overworld
[048月2025 21:22:20.730] [Render thread/INFO] [net.minecraft.server.level.progress.LoggerChunkProgressListener/]: 准备生成区域中：0%
[048月2025 21:22:20.748] [Render thread/INFO] [net.minecraft.server.level.progress.LoggerChunkProgressListener/]: 准备生成区域中：0%
[048月2025 21:22:20.748] [Render thread/INFO] [net.minecraft.server.level.progress.LoggerChunkProgressListener/]: 准备生成区域中：0%
[048月2025 21:22:20.748] [Render thread/INFO] [net.minecraft.server.level.progress.LoggerChunkProgressListener/]: 准备生成区域中：0%
[048月2025 21:22:20.960] [Render thread/INFO] [net.minecraft.server.level.progress.LoggerChunkProgressListener/]: 准备生成区域中：0%
[048月2025 21:22:21.457] [Render thread/INFO] [net.minecraft.server.level.progress.LoggerChunkProgressListener/]: 准备生成区域中：0%
[048月2025 21:22:21.965] [Render thread/INFO] [net.minecraft.server.level.progress.LoggerChunkProgressListener/]: 准备生成区域中：94%
[048月2025 21:22:21.978] [Server thread/INFO] [net.minecraftforge.server.permission.PermissionAPI/]: Successfully initialized permission handler forge:default_handler
[048月2025 21:22:21.983] [Render thread/INFO] [net.minecraft.server.level.progress.LoggerChunkProgressListener/]: Time elapsed: 3027 ms
[048月2025 21:22:22.134] [Server thread/INFO] [net.minecraft.client.server.IntegratedServer/]: Changing view distance to 12, from 10
[048月2025 21:22:22.135] [Server thread/INFO] [net.minecraft.client.server.IntegratedServer/]: Changing simulation distance to 12, from 0
[048月2025 21:22:22.265] [Render thread/WARN] [io.netty.util.internal.SystemPropertyUtil/]: Unable to parse the boolean system property 'java.net.preferIPv6Addresses':system - using the default value: false
[048月2025 21:22:23.126] [Netty Local Client IO #0/INFO] [net.minecraftforge.network.NetworkHooks/]: Connected to a modded server.
[048月2025 21:22:23.177] [Server thread/INFO] [net.minecraft.server.players.PlayerList/]: Dev[local:E:499a5e9c] logged in with entity id 224 at (27.35581258805586, 82.0, -120.99866393160372)
[048月2025 21:22:23.281] [Server thread/INFO] [net.minecraft.server.MinecraftServer/]: Dev加入了游戏
[048月2025 21:22:23.618] [Render thread/INFO] [mezz.jei.forge.startup.StartEventObserver/]: JEI StartEventObserver received class net.minecraftforge.client.event.ClientPlayerNetworkEvent$LoggingIn
[048月2025 21:22:23.618] [Render thread/INFO] [mezz.jei.forge.startup.StartEventObserver/]: JEI StartEventObserver transitioning state from DISABLED to ENABLED
[048月2025 21:22:24.910] [Render thread/INFO] [mezz.jei.forge.startup.StartEventObserver/]: JEI StartEventObserver received class net.minecraftforge.client.event.RecipesUpdatedEvent
[048月2025 21:22:24.946] [Render thread/INFO] [mezz.jei.forge.startup.StartEventObserver/]: JEI StartEventObserver received class net.minecraftforge.event.TagsUpdatedEvent
[048月2025 21:22:24.946] [Render thread/INFO] [mezz.jei.forge.startup.StartEventObserver/]: JEI StartEventObserver transitioning state from ENABLED to JEI_STARTED
[048月2025 21:22:24.948] [Render thread/INFO] [mezz.jei.core.util.LoggedTimer/]: Starting JEI...
[048月2025 21:22:24.955] [Render thread/INFO] [mezz.jei.library.load.PluginCaller/]: Registering item subtypes...
[048月2025 21:22:24.973] [Render thread/INFO] [mezz.jei.library.load.PluginCallerTimerRunnable/]: Registering item subtypes: mekanism:jei_plugin took 14.61 milliseconds
[048月2025 21:22:24.975] [Render thread/INFO] [mezz.jei.library.load.PluginCaller/]: Registering item subtypes took 19.16 ms
[048月2025 21:22:24.975] [Render thread/INFO] [mezz.jei.library.load.PluginCaller/]: Registering fluid subtypes...
[048月2025 21:22:24.977] [Render thread/INFO] [mezz.jei.library.load.PluginCaller/]: Registering fluid subtypes took 2.182 ms
[048月2025 21:22:24.979] [Render thread/INFO] [mezz.jei.library.load.PluginCaller/]: Registering ingredients...
[048月2025 21:22:25.053] [Render thread/WARN] [mezz.jei.library.plugins.vanilla.ingredients.ItemStackListFactory/]: Item Group has no display items and no search tab display items. Items from this group will be missing from the JEI ingredient list. 管理员用品
[048月2025 21:22:25.220] [Render thread/WARN] [mezz.jei.library.plugins.vanilla.ingredients.ItemStackListFactory/]: 224 duplicate items were found in '格雷科技 | 装饰方块' creative tab's: displayItems
This may indicate that these types of item need a subtype interpreter added to JEI:
[yellow_borderless_lamp, lime_lamp, cyan_lamp, blue_borderless_lamp, cyan_borderless_lamp, light_blue_lamp, yellow_lamp, magenta_borderless_lamp, gray_borderless_lamp, pink_lamp, black_borderless_lamp, brown_lamp, gray_lamp, lime_borderless_lamp, magenta_lamp, green_lamp, light_blue_borderless_lamp, red_lamp, orange_borderless_lamp, blue_lamp, pink_borderless_lamp, red_borderless_lamp, orange_lamp, purple_lamp, white_borderless_lamp, brown_borderless_lamp, white_lamp, light_gray_lamp, purple_borderless_lamp, light_gray_borderless_lamp, green_borderless_lamp, black_lamp]
[048月2025 21:22:25.263] [Render thread/WARN] [mezz.jei.library.plugins.vanilla.ingredients.ItemStackListFactory/]: 51 duplicate items were found in '格雷科技 | 物品' creative tab's: displayItems
This may indicate that these types of item need a subtype interpreter added to JEI:
[mv_sodium_battery, lv_item_magnet, prospector.hv, quarktech_leggings, prospector.luv, portable_scanner, ev_vanadium_battery, nano_saber, nightvision_goggles, zero_point_module, lv_lithium_battery, lv_power_unit, hv_sodium_battery, lapotronic_energy_orb_cluster, energy_crystal, quarktech_helmet, nanomuscle_helmet, facade_cover, zpm_naquadria_battery, max_battery, ev_power_unit, portable_debug_scanner, mv_cadmium_battery, hv_lithium_battery, lapotronic_energy_orb, tantalum_capacitor, iv_vanadium_battery, advanced_nanomuscle_chestplate, mv_power_unit, hv_power_unit, iv_power_unit, nanomuscle_chestplate, nanomuscle_leggings, lapotron_crystal, lv_cadmium_battery, quarktech_boots, advanced_quarktech_chestplate, quarktech_chestplate, hv_cadmium_battery, energy_module, nanomuscle_boots, mv_lithium_battery, hv_item_magnet, energy_cluster, advanced_electric_jetpack, uv_naquadria_battery, lv_sodium_battery, luv_vanadium_battery, prospector.lv, electric_jetpack]
[048月2025 21:22:25.309] [Render thread/INFO] [mezz.jei.library.load.PluginCallerTimerRunnable/]: Registering ingredients: jei:minecraft took 329.7 milliseconds
[048月2025 21:22:25.311] [Render thread/INFO] [GregTechCEu/]: JEI register ingredients
[048月2025 21:22:25.312] [Render thread/INFO] [mezz.jei.library.load.PluginCaller/]: Registering ingredients took 333.0 ms
[048月2025 21:22:25.312] [Render thread/INFO] [mezz.jei.library.load.PluginCaller/]: Registering extra ingredients...
[048月2025 21:22:25.314] [Render thread/INFO] [mezz.jei.library.load.PluginCaller/]: Registering extra ingredients took 1.007 ms
[048月2025 21:22:25.314] [Render thread/INFO] [mezz.jei.library.load.PluginCaller/]: Registering search ingredient aliases...
[048月2025 21:22:25.315] [Render thread/INFO] [mezz.jei.library.load.PluginCaller/]: Registering search ingredient aliases took 704.4 μs
[048月2025 21:22:25.333] [Render thread/INFO] [mezz.jei.library.load.PluginCaller/]: Registering categories...
[048月2025 21:22:25.346] [Render thread/INFO] [mezz.jei.library.load.PluginCallerTimerRunnable/]: Registering categories: jei:minecraft took 12.58 milliseconds
[048月2025 21:22:25.381] [Render thread/INFO] [mezz.jei.library.load.PluginCallerTimerRunnable/]: Registering categories: mekanism:jei_plugin took 31.03 milliseconds
[048月2025 21:22:25.381] [Render thread/INFO] [GregTechCEu/]: JEI register categories
[048月2025 21:22:25.469] [Render thread/INFO] [mezz.jei.library.load.PluginCallerTimerRunnable/]: Registering categories: gtceu:jei_plugin took 87.57 milliseconds
[048月2025 21:22:25.477] [Render thread/INFO] [mezz.jei.library.load.PluginCaller/]: Registering categories took 144.3 ms
[048月2025 21:22:25.478] [Render thread/INFO] [mezz.jei.library.load.PluginCaller/]: Registering vanilla category extensions...
[048月2025 21:22:25.483] [Render thread/INFO] [mezz.jei.library.load.PluginCaller/]: Registering vanilla category extensions took 4.099 ms
[048月2025 21:22:25.483] [Render thread/INFO] [mezz.jei.library.load.PluginCaller/]: Registering recipe catalysts...
[048月2025 21:22:25.491] [Render thread/INFO] [mezz.jei.library.load.PluginCaller/]: Registering recipe catalysts took 6.668 ms
[048月2025 21:22:25.491] [Render thread/INFO] [mezz.jei.core.util.LoggedTimer/]: Building recipe registry...
[048月2025 21:22:25.510] [Render thread/INFO] [mezz.jei.core.util.LoggedTimer/]: Building recipe registry took 18.79 ms
[048月2025 21:22:25.512] [Render thread/INFO] [mezz.jei.library.load.PluginCaller/]: Registering advanced plugins...
[048月2025 21:22:25.512] [Render thread/INFO] [mezz.jei.library.load.PluginCaller/]: Registering advanced plugins took 600.4 μs
[048月2025 21:22:25.513] [Render thread/INFO] [mezz.jei.library.load.PluginCaller/]: Registering recipes...
[048月2025 21:22:26.277] [Render thread/INFO] [mezz.jei.library.load.PluginCallerTimerRunnable/]: Registering recipes: jei:minecraft took 762.2 milliseconds
[048月2025 21:22:26.300] [Render thread/INFO] [mezz.jei.library.load.PluginCallerTimerRunnable/]: Registering recipes: ldlib:jei_plugin took 22.99 milliseconds
[048月2025 21:22:26.381] [Render thread/INFO] [mezz.jei.library.load.PluginCallerTimerRunnable/]: Registering recipes: mekanism:jei_plugin took 80.88 milliseconds
[048月2025 21:22:26.381] [Render thread/INFO] [GregTechCEu/]: JEI register
[048月2025 21:22:30.458] [Render thread/INFO] [mezz.jei.library.load.PluginCallerTimerRunnable/]: Registering recipes: gtceu:jei_plugin took 4.077 seconds
[048月2025 21:22:30.672] [Render thread/INFO] [mezz.jei.library.load.PluginCallerTimerRunnable/]: Registering recipes: jei:internal took 213.3 milliseconds
[048月2025 21:22:30.672] [Render thread/INFO] [mezz.jei.library.load.PluginCaller/]: Registering recipes took 5.158 s
[048月2025 21:22:30.685] [Render thread/INFO] [mezz.jei.library.load.PluginCaller/]: Registering recipes transfer handlers...
[048月2025 21:22:30.689] [Render thread/INFO] [mezz.jei.library.load.PluginCaller/]: Registering recipes transfer handlers took 4.132 ms
[048月2025 21:22:30.690] [Render thread/INFO] [mezz.jei.core.util.LoggedTimer/]: Building runtime...
[048月2025 21:22:30.692] [Render thread/INFO] [mezz.jei.library.load.PluginCaller/]: Registering gui handlers...
[048月2025 21:22:30.700] [Render thread/INFO] [mezz.jei.library.load.PluginCaller/]: Registering gui handlers took 6.848 ms
[048月2025 21:22:30.702] [Render thread/INFO] [mezz.jei.library.load.PluginCaller/]: Registering Runtime...
[048月2025 21:22:30.704] [Render thread/INFO] [mezz.jei.gui.startup.JeiGuiStarter/]: Starting JEI GUI
[048月2025 21:22:30.704] [Render thread/INFO] [mezz.jei.core.util.LoggedTimer/]: Building ingredient list...
[048月2025 21:22:30.815] [Render thread/INFO] [mezz.jei.core.util.LoggedTimer/]: Building ingredient list took 111.6 ms
[048月2025 21:22:30.815] [Render thread/INFO] [mezz.jei.core.util.LoggedTimer/]: Building ingredient filter...
[048月2025 21:22:30.851] [Render thread/INFO] [mezz.jei.gui.ingredients.IngredientFilter/]: Adding 13656 ingredients
[048月2025 21:22:31.698] [Render thread/INFO] [mezz.jei.gui.ingredients.IngredientFilter/]: Added 13656 ingredients
[048月2025 21:22:31.699] [Render thread/INFO] [mezz.jei.core.util.LoggedTimer/]: Building ingredient filter took 882.9 ms
[048月2025 21:22:31.794] [Render thread/INFO] [mezz.jei.library.load.PluginCallerTimerRunnable/]: Registering Runtime: jei:forge_gui took 1.091 seconds
[048月2025 21:22:31.794] [Render thread/INFO] [mezz.jei.library.load.PluginCaller/]: Registering Runtime took 1.091 s
[048月2025 21:22:31.795] [Render thread/INFO] [mezz.jei.core.util.LoggedTimer/]: Building runtime took 1.105 s
[048月2025 21:22:31.795] [Render thread/INFO] [mezz.jei.library.load.PluginCaller/]: Sending Runtime...
[048月2025 21:22:31.796] [Render thread/INFO] [mezz.jei.library.load.PluginCaller/]: Sending Runtime took 516.3 μs
[048月2025 21:22:31.796] [Render thread/INFO] [mezz.jei.core.util.LoggedTimer/]: Starting JEI took 6.847 s
[048月2025 21:22:31.908] [Render thread/INFO] [net.minecraft.advancements.AdvancementList/]: Loaded 6 advancements
[048月2025 21:22:32.390] [Server thread/INFO] [net.minecraft.client.server.IntegratedServer/]: Saving and pausing game...
[048月2025 21:22:32.404] [Server thread/INFO] [net.minecraft.server.MinecraftServer/]: Saving chunks for level 'ServerLevel[新的世界]'/minecraft:overworld
[048月2025 21:22:33.346] [Server thread/INFO] [net.minecraft.server.MinecraftServer/]: Saving chunks for level 'ServerLevel[新的世界]'/minecraft:the_nether
[048月2025 21:22:33.348] [Server thread/INFO] [net.minecraft.server.MinecraftServer/]: Saving chunks for level 'ServerLevel[新的世界]'/minecraft:the_end
[048月2025 21:22:48.483] [Server thread/INFO] [net.minecraft.client.server.IntegratedServer/]: Saving and pausing game...
[048月2025 21:22:48.487] [Server thread/INFO] [net.minecraft.server.MinecraftServer/]: Saving chunks for level 'ServerLevel[新的世界]'/minecraft:overworld
[048月2025 21:22:48.494] [Server thread/INFO] [net.minecraft.server.MinecraftServer/]: Saving chunks for level 'ServerLevel[新的世界]'/minecraft:the_nether
[048月2025 21:22:48.495] [Server thread/INFO] [net.minecraft.server.MinecraftServer/]: Saving chunks for level 'ServerLevel[新的世界]'/minecraft:the_end
[048月2025 21:22:49.186] [Render thread/INFO] [mezz.jei.forge.startup.StartEventObserver/]: JEI StartEventObserver received class net.minecraftforge.client.event.ClientPlayerNetworkEvent$LoggingOut
[048月2025 21:22:49.186] [Render thread/INFO] [mezz.jei.forge.startup.StartEventObserver/]: JEI StartEventObserver transitioning state from JEI_STARTED to DISABLED
[048月2025 21:22:49.186] [Render thread/INFO] [mezz.jei.library.startup.JeiStarter/]: Stopping JEI
[048月2025 21:22:49.187] [Render thread/INFO] [mezz.jei.library.load.PluginCaller/]: Sending Runtime Unavailable...
[048月2025 21:22:49.187] [Render thread/INFO] [mezz.jei.forge.plugins.forge.ForgeGuiPlugin/]: Stopping JEI GUI
[048月2025 21:22:49.188] [Render thread/INFO] [mezz.jei.library.load.PluginCaller/]: Sending Runtime Unavailable took 1.543 ms
[048月2025 21:22:49.240] [Server thread/INFO] [net.minecraft.server.network.ServerGamePacketListenerImpl/]: Dev lost connection: 连接中断
[048月2025 21:22:49.240] [Server thread/INFO] [net.minecraft.server.MinecraftServer/]: Dev退出了游戏
[048月2025 21:22:49.248] [Server thread/INFO] [net.minecraft.server.network.ServerGamePacketListenerImpl/]: Stopping singleplayer server as player logged out
[048月2025 21:22:49.301] [Server thread/INFO] [net.minecraft.server.MinecraftServer/]: Stopping server
[048月2025 21:22:49.301] [Server thread/INFO] [net.minecraft.server.MinecraftServer/]: Saving players
[048月2025 21:22:49.301] [Server thread/INFO] [net.minecraft.server.MinecraftServer/]: Saving worlds
[048月2025 21:22:49.662] [Server thread/INFO] [net.minecraft.server.MinecraftServer/]: Saving chunks for level 'ServerLevel[新的世界]'/minecraft:overworld
[048月2025 21:22:49.968] [Server thread/INFO] [net.minecraft.server.MinecraftServer/]: Saving chunks for level 'ServerLevel[新的世界]'/minecraft:the_nether
[048月2025 21:22:49.968] [Server thread/INFO] [net.minecraft.server.MinecraftServer/]: Saving chunks for level 'ServerLevel[新的世界]'/minecraft:the_end
[048月2025 21:22:50.022] [Server thread/INFO] [net.minecraft.server.MinecraftServer/]: ThreadedAnvilChunkStorage (新的世界): All chunks are saved
[048月2025 21:22:50.022] [Server thread/INFO] [net.minecraft.server.MinecraftServer/]: ThreadedAnvilChunkStorage (DIM-1): All chunks are saved
[048月2025 21:22:50.022] [Server thread/INFO] [net.minecraft.server.MinecraftServer/]: ThreadedAnvilChunkStorage (DIM1): All chunks are saved
[048月2025 21:22:50.022] [Server thread/INFO] [net.minecraft.server.MinecraftServer/]: ThreadedAnvilChunkStorage: All dimensions are saved
[048月2025 21:22:51.661] [Render thread/INFO] [net.minecraft.client.Minecraft/]: Stopping!
